PDB_ID,Pos20_Amino_Acid,Cofactor,Substrate_Antibiotic
1AI9,M,NDP,
1AO8,L,,MTX
1AOE,M,NDP,GW3
1BOZ,L,NDP,PRD
1BZF,L,,TMQ
1CD2,L,NAP,FOL
1DAJ,L,NDP,MOT
1DDR,M,,MTX; URE
1DDS,M,,MTX
1DF7,I,NDP,MTX
1DG5,I,NDP,TOP
1DG7,I,NDP,WRB
1DG8,I,NDP,
1DHF,L,,FOL
1DHI,M,,MTX
1DHJ,M,,MTX
1DIS,L,,BDM
1DIU,L,,BDM
1DLR,F,NDP,MXA
1DLS,Y,NDP,MTX
1DR1,L,NAP,HBI
1DR2,L,,TAP
1DR3,L,,HBI; TAP
1DR4,L,NAP,HBI
1DR5,L,NAP,
1DR6,L,NAP,HBI; MBO
1DR7,L,NAP,MBO
1DRA,M,,MTX
1DRB,M,,MTX
1DRE,M,NAP,MTX
1DRF,L,,FOL
1DRH,M,NAP,
1DYH,M,,DZF
1DYI,M,,FOL
1DYJ,M,,DDF
1DYR,L,NDP,TOP
1E26,L,NAP,GPB
1HFP,L,NDP,MOT
1HFQ,L,NDP,MOT
1HFR,L,NDP,MOT
1IA1,M,NDP,TQ3
1IA2,M,NDP,TQ4
1IA3,M,NDP,TQ5
1IA4,M,NDP,TQ6
1JOL,M,,FFO
1JOM,M,,FFO
1JUV,L,NDP,
1KLK,L,NDP,PMD
1KMS,L,NDP,LIH
1KMV,L,NDP,LII
1LUD,L,NDP,TRR
1LY3,L,NAP,COG
1LY4,L,NAP,COQ
1M78,M,NDP,CLZ
1M79,M,NDP,MQ1
1M7A,M,NDP,MQU
1MVS,L,,DTM
1MVT,L,,DTM
1OHJ,L,NDP,COP
1OHK,L,NDP,COP
1PD8,L,NDP,CO4
1PD9,L,,CO4
1PDB,L,,
1QZF,L,NDP,FOL
1RA1,M,NAP,
1RA2,M,NAP,FOL
1RA3,M,NAP,MTX
1RA8,M,ATR,FOL
1RA9,M,NAP,
1RB2,M,NAP,FOL
1RB3,M,NAP,MTX
1RC4,M,NAP,DDF
1RD7,M,,FOL
1RE7,M,,FOL
1RF7,M,,DHF
1RG7,M,,MTX
1RH3,M,NAP,MTX
1RX1,M,NAP,
1RX2,M,NAP,FOL
1RX3,M,NAP,MTX
1RX4,M,NAP,DDF
1RX5,M,,DDF
1RX6,M,NAP,DDF
1RX7,M,,FOL
1RX8,M,NAP,FOL
1RX9,M,NAP,
1S3U,L,,TQD
1S3V,L,,TQD
1S3W,L,NAP,TQT
1S3Y,L,NAP,TQT
1SEJ,L,NDP,F89
1TDR,M,,MTX
1U70,R,NDP,MTX
1U71,R,,MXA
1U72,L,NDP,MTX
1VDR,L,,
1VJ3,L,NDP,TAB
1YHO,L,NDP,TRR
1ZDR,L,,
2ANO,M,NDP,817
2ANQ,M,NDP,C1A
2BL9,L,NDP,CP6
2BLA,L,NDP,CP6
2BLB,L,NDP,CP7
2BLC,L,NDP,CP7
2C2S,L,NDP,34B
2C2T,L,NDP,39B
2CD2,L,NAP,FOL
2CIG,I,,1DG
2D0K,L,,FOL
2DHF,L,,DZF
2DRC,M,,MTX
2FZH,L,NDP,DH1
2FZI,L,NDP,DH3
2FZJ,L,NDP,DH3
2H2Q,I,NAP,DU
2HM9,L,,TRR
2HQP,L,NDP,
2INQ,M,,MT1
2ITH,L,,
2JYB,L,,
2KGK,L,NAP,N22
2L28,L,,
2LF1,L,NDP,
2OIP,L,NDP,MTX
2QK8,L,,MTX
2W3A,L,NDP,TOP
2W3B,L,NDP,FOL; VG9
2W3M,L,NDP,FOL
2W3V,I,NDP,TOP
2W3W,I,NDP,VG9
2W9G,L,NDP,TOP
2W9H,L,,TOP
2W9S,L,NDP,TOP
2W9T,L,,
2ZZA,M,NAP,1PE; FOL
3CD2,L,NAP,MTX
3CL9,I,NAP,MTX
3CLB,I,NAP,TMQ
3CSE,L,NDP,N22
3D80,L,NDP,Q22
3D84,L,NDP,
3DAT,L,NDP,MTX
3DAU,M,NDP,MTX
3DFR,L,NDP,MTX
3DL5,L,NDP,DHF
3DL6,L,NDP,DHF
3DRC,M,,MTX
3E0B,L,NDP,N22
3EEJ,L,NDP,53R
3EEK,L,NDP,53S
3EEL,L,NDP,53T
3EEM,L,NDP,53V
3EIG,L,,MTX
3F0B,L,NDP,53R
3F0Q,L,NDP,52V
3F0S,L,NDP,53T
3F0U,L,NDP,53R
3F0V,L,NDP,52V
3F0X,L,NDP,53T
3F8Y,L,NDP,DH1
3F8Z,L,NDP,DH1
3F91,L,NDP,DH1
3FL8,L,,RAR
3FL9,L,,TOP
3FQ0,L,NDP,N22
3FQC,L,NDP,55V
3FQF,L,NDP,55V
3FQO,L,NDP,N22
3FQV,L,NDP,11F
3FQZ,L,NDP,11F
3FRA,L,NAP,I2H
3FRB,L,NAP,TOP
3FRD,L,NDP,DHF
3FRE,L,NDP,TOP
3FRF,L,NDP,XCF
3FS6,L,NDP,DH1
3FY8,L,NDP,XCF
3FY9,L,NAP,XCF
3FYV,L,NDP,XCF
3FYW,L,NDP,XCF
3GHC,L,NDP,GHC
3GHV,L,NDP,GHC
3GHW,L,NDP,GHW
3GI2,L,NDP,GHW
3GYF,L,NDP,51P
3HBB,I,NAP,TMQ
3I8A,L,NDP,N22
3IA4,M,NDP,MTX
3IA5,M,,
3INV,I,NDP,C50
3IRM,I,,1CY
3IRN,I,NDP,1CY
3IRO,I,NDP,2CY
3IX9,L,NDP,MTX
3JSU,L,NDP,KA5
3JVX,L,NDP,EKB
3JW3,L,NDP,TOP
3JW5,L,NDP,TOP
3JWC,L,NDP,EKB
3JWF,L,NDP,5WA
3JWK,L,NDP,5WB
3JWM,L,NDP,5WB
3K45,L,NDP,51P
3K47,L,NDP,D09
3KFY,M,NDP,JZM
3KJS,I,NAP,DQ1
3L3R,L,NDP,OAG
3LG4,L,NDP,52V
3M08,L,NAP,RAR
3M09,L,NAP,RAR
3N0H,L,,TOP
3NTZ,L,NDP,3TZ
3NU0,L,NDP,3TU
3NXO,L,NDP,D2B
3NXR,L,NDP,D2D
3NXT,L,NDP,D2E
3NXV,L,NDP,D2F
3NXX,L,NDP,D2D
3NXY,L,NDP,D2H
3NZ6,L,NDP,D2J
3NZ9,L,NDP,D2K
3NZA,L,NDP,D2K
3NZB,L,NDP,D2N
3NZC,L,,D2O
3NZD,L,NDP,D2Q
3OAF,L,,OAG
3OCH,M,,2MX
3Q1H,M,,
3QFX,I,NDP,CP6
3QG2,L,NDP,CP6
3QGT,L,NDP,CP6
3QL0,M,NAP,FOL
3QL3,M,NAP,FOL
3QLR,M,NDP,QLR
3QLS,M,NDP,55V
3QLW,M,NDP,N22
3QLX,L,NDP,QLR
3QLY,L,NDP,55V
3QLZ,L,NDP,QLZ
3QYL,M,NDP,7ME
3QYO,M,NDP,Q24
3R33,M,NDP,6ME
3RG9,I,NDP,WRA
3RO9,L,NDP,06U
3ROA,L,NDP,06V
3S3V,L,,TOP
3S7A,L,,684
3S9U,L,NAP,5DR
3SA1,L,NAP,6DR
3SA2,L,NAP,7DR
3SAI,L,NAP,9DR
3SGY,L,NDP,06W
3SH2,L,NDP,5DR
3SQY,L,NAP,Q11
3SR5,L,NAP,Q12
3SRQ,L,NAP,Q19
3SRR,L,NAP,Q20
3SRS,L,NAP,M23
3SRU,L,NAP,Q26
3SRW,L,NAP,Q27
3TD8,L,NDP,D2R
3TQ8,L,NDP,TOP
3TQ9,L,NDP,MTX
3TQA,L,NDP,
3TQB,L,NDP,FOL
3UM5,L,NDP,CP6
3UM6,L,NDP,1CY
3UM8,L,NDP,1CY
3VCO,L,,
4CD2,L,,FOL
4DDR,L,NDP,MMV
4DFR,M,,MTX
4DP3,L,NDP,MMV
4DPD,L,NAP,DHF
4DPH,L,NDP,P65
4ECK,L,NDP,FOL
4EIL,L,NDP,FOL
4ELB,L,,34R; 34S
4ELE,L,,31I
4ELF,L,,35I
4ELG,L,,52I; 52J
4ELH,L,,53I; 53J
4FGG,L,NAP,0U5
4FGH,L,NAP,0U6
4G8Z,L,NDP,TOP
4G95,L,,OAG
4GH8,M,NDP,MTX
4H95,M,NDP,06U
4H96,M,NDP,14Q
4H97,M,NDP,53S
4H98,L,NDP,14Q
4HOE,M,NDP,18G
4HOF,M,NDP,18H
4HOG,L,NDP,18H
4IXE,L,NDP,IXE
4IXF,L,NDP,IXF
4IXG,L,NDP,IXG
4KAK,L,NDP,06U
4KBN,L,NDP,25U
4KD7,L,NDP,9DR
4KEB,L,NDP,1QZ; FOL
4KFJ,L,NDP,1R0; FOL
4KJJ,M,NAP,FOL
4KJK,M,NAP,FOL
4KJL,M,NAP,FOL
4KL9,I,NDP,P33
4KLX,I,ATR,ETE
4KM0,I,ATR,CP6
4KM2,I,ATR,TOP
4KNE,I,ATR,1CY
4KY4,L,NDP,04J; 1UE
4KY8,L,NDP,1UF; MTX; UFP
4KYA,L,NDP,1UG; FOL
4LAE,L,NAP,1VM
4LAG,L,NAP,1VN
4LAH,L,NAP,1VO
4LEK,L,NAP,1DN
4M2X,I,NDP,TMQ
4M6J,L,NDP,
4M6K,L,NAP,FOL
4M6L,L,NAP,21V
4M7U,L,NAP,
4M7V,L,NAP,RAR
4NX6,M,NAP,FOL
4NX7,M,NAP,FOL
4OR7,M,NAP,25U
4OSG,M,NAP,06U; CAC
4P3Q,M,NAP,FOL
4P3R,M,NAP,FOL
4P66,M,NAP,MTX
4P68,M,NAP,MTX
4PDJ,M,NDP,DHF
4PTH,M,NAP,FOL
4PTJ,M,NAP,FOL
4Q0D,L,NDP,2XB; MTX; UFP
4Q0E,L,NDP,2XB; UFP
4Q67,L,NAP,
4Q6A,L,NAP,
4QHV,L,NDP,IXF
4QJC,L,NDP,IXE
4QJZ,L,NDP,33M
4QLE,M,NAP,FOL
4QLF,M,NAP,FOL
4QLG,M,NAP,FOL
4RGC,M,NAP,FOL
4TU5,L,NDP,06W
4X5F,M,NAP,FOL
4X5G,M,NAP,FOL
4X5H,M,NAP,FOL
4X5I,M,NAP,FOL
4X5J,M,NAP,FOL
4XE6,L,NDP,06U
4XEC,L,NDP,06U
5CC9,M,NAP,DDF
5CCC,M,NAP,DDF
5E8Q,M,,FOL; IPA
5EAJ,M,,FOL
5ECC,I,NAP,6DR
5ECX,I,NAP,5N1; GLV
5FDA,M,,
5HF0,L,NAP,U06; XNP
5HF2,L,,U75; XNP
5HI6,M,,MTX
5HPB,L,NDP,63W
5HQY,L,NDP,63Y
5HQZ,L,NDP,64J
5HSR,L,NDP,63Y
5HSU,L,NDP,63Y
5HT4,L,NDP,65J
5HT5,L,NDP,65H
5HUI,L,NDP,65N
5HVB,L,NDP,65O
5HVE,L,NDP,65Q
5ISP,L,NAP,U06
5ISQ,L,NAP,U06
5IST,L,NAP,U06; XNP
5JA3,I,NDP,U06
5JG0,L,NAP,UC9
5SCM,I,NAP,GHU; IOD
5SCN,I,NAP,GUU
5SCO,I,NAP,GQO
5SCP,I,NAP,GWL
5SCQ,I,NAP,GXC
5SCR,I,NAP,GXJ
5SCS,I,NAP,GYI
5SCT,I,NAP,H03
5SCU,I,NAP,H0I
5SCV,I,NAP,H4U
5SCW,I,NAP,H6O
5SCX,I,NAP,HJI
5SCY,I,NAP,HEI
5SCZ,I,NAP,FMT; HI9
5SD0,I,NAP,FMT; HIK
5SD1,I,NAP,FMT; I6J
5SD2,I,NAP,HJI
5SD3,I,NAP,H9I
5SD4,I,NAP,HVR
5SD5,I,NAP,HWI; IMD
5SD6,L,NAP,HXV
5SD7,L,NAP,I0E
5SD8,L,NAP,HJI; I6J
5SD9,L,NAP,HZU
5SDA,L,NAP,GI6
5SDB,L,NAP,G3V
5SSS,M,NAP,FOL
5SST,M,NAP,FOL
5SSU,M,NAP,FOL
5SSV,M,NAP,FOL
5SSW,M,NAP,FOL
5T0L,L,NDP,73X
5U26,I,NAP,MMV
5U27,I,NAP,P65
5UIH,M,NAP,8CV
5UII,M,NAP,BFR
5UIO,M,NAP,8DM; FMT; LG3
5UIP,M,NAP,8DM; LG3
5UJF,I,,MMV
5UJX,M,,FOL; IPA
5W3Q,M,NDP,
5Z6F,M,NAP,FOL
5Z6J,M,NAP,FOL
5Z6K,M,NAP,FOL
5Z6L,M,NAP,FOL
5Z6M,M,NAP,FOL
6A7C,L,NDP,9QO
6A7E,L,NDP,9QR
6AOG,L,NDP,CP6
6AOH,L,NDP,BOD
6AOI,L,NDP,BOJ
6CQA,M,,PQD
6CW7,M,,THG
6CXK,M,,DHF
6CXM,I,NAP,MMV
6DAV,L,NAP,G3V
6DDP,I,NDP,G6Y
6DDS,I,NDP,U75
6DDW,I,NDP,G7D
6DE4,L,NDP,G6Y
6DRS,L,NAP,H8A
6DTC,L,NAP,H9G
6E4E,L,NAP,MMV
6MR9,M,,THG
6MT8,M,,DHF; THG
6MTH,M,,DHF; THG
6N1S,L,NDP,K9A
6N1T,L,NDP,BOD
6ND2,L,,G8J; XNP
6NNC,I,NDP,LYA
6NND,I,NDP,DHF
6NNE,I,NDP,KUP
6NNH,I,NDP,1CY
6NNI,I,NDP,CP6
6P9Z,L,NAP,MTX
6PBO,L,NAP,O71; XNP
6PR6,L,NAP,OWS
6PR7,L,NAP,OWP
6PR8,L,NAP,OWJ
6PR9,L,NAP,OWV
6PRA,L,NAP,
6PRB,L,NAP,OWM; R0Y
6PRD,L,NAP,OWG
6UWQ,I,NAP,QKJ
6UWW,I,NAP,MMV
6VCJ,L,NAP,FOL; LG3; NPX
6VS5,I,NDP,9FH
6VS6,I,NDP,RKV
6VS8,I,NAP,RJY
6VS9,I,NAP,RK4
6VSD,I,NAP,JBB
6VSE,I,NAP,4RG
6VSF,I,NAP,RKY
6VSG,I,NAP,X0V
6VV6,I,NAP,RPJ
6VV7,I,NDP,RPM
6VV8,I,NAP,RPV
6VV9,I,NDP,RQ1
6VVB,I,NAP,P33; RQ4
6XG4,M,NDP,TOP
6XG5,M,NDP,TOP
7CTW,L,NDP,GEX
7D3Z,M,NAP,FOL
7D49,M,NAP,FOL
7D4L,M,NAP,FOL
7D4X,M,NAP,FOL
7D6G,M,NAP,FOL
7DFR,M,NAP,FOL
7ESE,L,NAP,FOL
7F3B,M,,D4C
7F3Y,L,NDP,MTX
7F3Z,L,NDP,TOP
7FGW,L,NDP,BEN; CP6
7FGX,L,NDP,4RI
7FGY,L,NDP,4TS
7FPL,M,NAP,FOL
7FPM,M,NAP,FOL
7FPN,M,NAP,FOL
7FPO,M,NAP,FOL
7FPP,M,NAP,FOL
7FPQ,M,NAP,FOL
7FPR,M,NAP,FOL
7FPS,M,NAP,FOL
7FPT,M,NAP,FOL
7FPU,M,NAP,FOL
7FPV,M,NAP,FOL
7FPW,M,NAP,FOL
7FPX,M,NAP,FOL
7FPY,M,NAP,FOL
7FPZ,M,NAP,FOL
7FQ0,M,NAP,FOL
7FQ1,M,NAP,FOL
7FQ2,M,NAP,FOL
7FQ3,M,NAP,FOL
7FQ4,M,NAP,FOL
7FQ5,M,NAP,FOL
7FQ6,M,NAP,FOL
7FQ7,M,NAP,FOL
7FQ8,M,NAP,FOL
7FQ9,M,NAP,FOL
7FQA,M,NAP,FOL
7FQB,M,NAP,FOL
7FQC,M,NAP,FOL
7FQD,M,NAP,FOL
7FQE,M,NAP,FOL
7FQF,M,NAP,FOL
7FQG,M,NAP,FOL
7K62,I,NAP,MMV
7K68,I,NAP,QKJ
7K69,I,NAP,SER; VY7
7K6A,I,NAP,VYG
7K6C,I,NAP,MMV
7KI8,I,NAP,WFA
7KI9,I,NAP,WFJ
7KM7,I,NAP,WPD
7KM8,I,NAP,WPD
7KM9,I,NAP,WPJ
7L9T,I,,QKJ
7LVC,M,NAP,FOL
7MQP,M,,ZM4
7MYL,I,,TOP
7MYM,M,NAP,ARG; TOP
7NAE,M,,TOP
7R6G,I,NDP,TOP
7REB,M,,560
7REG,I,NAP,4SI
7RGJ,I,NAP,560; 8MU
7RGK,I,NAP,560
7RGO,I,NAP,4SI
7RZO,M,,
7T7Q,L,,06U; NDW
7T7S,L,,06U; XNP
7TJ3,M,NAP,MMV
7XI7,L,,4RI
7ZZX,L,,
8A0N,L,NDP,
8A0Z,L,NDP,CP6; EPE
8COP,I,NDP,VCI
8COQ,I,NDP,VDT
8COW,I,NDP,VB0
8COX,I,NDP,VBJ
8CQ8,I,NDP,VFF
8CQ9,I,NDP,VFU
8CQA,I,NDP,VF6
8CRH,L,NDP,VIL
8DAE,L,,
8DAI,M,NAP,R6F
8DFR,L,NDP,
8E4F,M,NAP,FOL
8F09,L,,
8F80,I,NAP,XJB
8F81,I,NAP,XJN
8F82,I,NAP,XJT
8F83,I,NAP,IMD; XJZ
8F84,I,NAP,XK8
8F85,I,NAP,XKI
8G4Z,M,NAP,FOL
8G50,M,NAP,FOL
8RHT,I,NDP,A1H0S
8SSX,L,,
8SZD,M,,
8TA0,I,NAP,DQI
8TA1,I,NAP,EII; PG4
8TBR,I,NAP,HIJ
8UCX,M,,FOL
8UVZ,L,NAP,1PE; FOL
8UW0,M,NAP,FOL
8VTC,I,NDP,TOP
8VZ4,M,NAP,
8WGM,L,NDP,WCQ
8WGN,L,NDP,WCQ
9DAR,M,,1CY; FLC
9KZ4,M,NDP,A1EHX
9MLM,M,NDP,OED
9MLT,M,NAP,OFD
9NI0,M,NAP,
9ONI,M,NAP,MTX
9OOI,M,NAP,OG7
9PXC,M,NAP,
