Group,PDB_ID,Substrate_Antibiotic_Chemical
M (psi<128.39),4OSG,06U
M (psi<128.39),9DAR,1CY
M (psi<128.39),4OR7,25U
M (psi<128.39),3R33,6ME
M (psi<128.39),3QYL,7ME
M (psi<128.39),2ANO,817
M (psi<128.39),9KZ4,A1EHX
M (psi<128.39),2ANQ,C1A
M (psi<128.39),4OSG,CAC
M (psi<128.39),7F3B,D4C
M (psi<128.39),1RC4,DDF
M (psi<128.39),5CC9,DDF
M (psi<128.39),5CCC,DDF
M (psi<128.39),1RF7,DHF
M (psi<128.39),4PDJ,DHF
M (psi<128.39),6MT8,DHF
M (psi<128.39),6MTH,DHF
M (psi<128.39),9DAR,FLC
M (psi<128.39),3KFY,JZM
M (psi<128.39),3QYO,Q24
M (psi<128.39),8DAI,R6F
M (psi<128.39),6MR9,THG
M (psi<128.39),6MT8,THG
M (psi<128.39),6MTH,THG
M (psi>128.39),4H95,06U
M (psi>128.39),4H96,14Q
M (psi>128.39),4HOE,18G
M (psi>128.39),4HOF,18H
M (psi>128.39),3OCH,2MX
M (psi>128.39),4H97,53S
M (psi>128.39),3QLS,55V
M (psi>128.39),7REB,560
M (psi>128.39),5UIH,8CV
M (psi>128.39),5UIO,8DM
M (psi>128.39),5UIP,8DM
M (psi>128.39),5UII,BFR
M (psi>128.39),1M78,CLZ
M (psi>128.39),1DYJ,DDF
M (psi>128.39),1RX4,DDF
M (psi>128.39),1RX5,DDF
M (psi>128.39),1RX6,DDF
M (psi>128.39),6CXK,DHF
M (psi>128.39),1DYH,DZF
M (psi>128.39),1JOL,FFO
M (psi>128.39),1JOM,FFO
M (psi>128.39),5UIO,FMT
M (psi>128.39),1AOE,GW3
M (psi>128.39),5UIO,LG3
M (psi>128.39),5UIP,LG3
M (psi>128.39),7TJ3,MMV
M (psi>128.39),1M79,MQ1
M (psi>128.39),1M7A,MQU
M (psi>128.39),2INQ,MT1
M (psi>128.39),3QLW,N22
M (psi>128.39),9MLM,OED
M (psi>128.39),9MLT,OFD
M (psi>128.39),9OOI,OG7
M (psi>128.39),6CQA,PQD
M (psi>128.39),3QLR,QLR
M (psi>128.39),6CW7,THG
M (psi>128.39),1IA1,TQ3
M (psi>128.39),1IA2,TQ4
M (psi>128.39),1IA3,TQ5
M (psi>128.39),1IA4,TQ6
M (psi>128.39),7MQP,ZM4
L,4KY4,04J
L,3RO9,06U
L,4KAK,06U
L,4XE6,06U
L,4XEC,06U
L,7T7Q,06U
L,7T7S,06U
L,3ROA,06V
L,3SGY,06W
L,4TU5,06W
L,4FGG,0U5
L,4FGH,0U6
L,3FQV,11F
L,3FQZ,11F
L,4H98,14Q
L,4HOG,18H
L,3UM6,1CY
L,3UM8,1CY
L,4LEK,1DN
L,4KY4,1UE
L,4LAE,1VM
L,4LAG,1VN
L,4LAH,1VO
L,4M6L,21V
L,4KBN,25U
L,4Q0E,2XB
L,4ELE,31I
L,4QJZ,33M
L,2C2S,34B
L,4ELB,34R
L,4ELB,34S
L,4ELF,35I
L,2C2T,39B
L,3NU0,3TU
L,3NTZ,3TZ
L,7FGX,4RI
L,7XI7,4RI
L,7FGY,4TS
L,3GYF,51P
L,3K45,51P
L,4ELG,52I
L,4ELG,52J
L,3F0Q,52V
L,3F0V,52V
L,3LG4,52V
L,4ELH,53I
L,4ELH,53J
L,3EEJ,53R
L,3F0B,53R
L,3F0U,53R
L,3EEK,53S
L,3EEL,53T
L,3F0S,53T
L,3F0X,53T
L,3EEM,53V
L,3FQC,55V
L,3FQF,55V
L,3QLY,55V
L,3S9U,5DR
L,3SH2,5DR
L,3JWF,5WA
L,3JWK,5WB
L,3JWM,5WB
L,5HPB,63W
L,5HQY,63Y
L,5HSR,63Y
L,5HSU,63Y
L,5HQZ,64J
L,5HT5,65H
L,5HT4,65J
L,5HUI,65N
L,5HVB,65O
L,5HVE,65Q
L,3S7A,684
L,3SA1,6DR
L,5T0L,73X
L,3SA2,7DR
L,3SAI,9DR
L,4KD7,9DR
L,6A7C,9QO
L,6A7E,9QR
L,1DIS,BDM
L,1DIU,BDM
L,7FGW,BEN
L,6AOH,BOD
L,6N1T,BOD
L,6AOI,BOJ
L,1PD8,CO4
L,1PD9,CO4
L,1LY3,COG
L,1OHJ,COP
L,1OHK,COP
L,1LY4,COQ
L,2BL9,CP6
L,2BLA,CP6
L,3QG2,CP6
L,3QGT,CP6
L,3UM5,CP6
L,6AOG,CP6
L,7FGW,CP6
L,8A0Z,CP6
L,2BLB,CP7
L,2BLC,CP7
L,3K47,D09
L,3NXO,D2B
L,3NXR,D2D
L,3NXX,D2D
L,3NXT,D2E
L,3NXV,D2F
L,3NXY,D2H
L,3NZ6,D2J
L,3NZ9,D2K
L,3NZA,D2K
L,3NZB,D2N
L,3NZC,D2O
L,3NZD,D2Q
L,3TD8,D2R
L,2FZH,DH1
L,3F8Y,DH1
L,3F8Z,DH1
L,3F91,DH1
L,3FS6,DH1
L,2FZI,DH3
L,2FZJ,DH3
L,3DL5,DHF
L,3DL6,DHF
L,3FRD,DHF
L,4DPD,DHF
L,1MVS,DTM
L,1MVT,DTM
L,2DHF,DZF
L,3JVX,EKB
L,3JWC,EKB
L,8A0Z,EPE
L,1SEJ,F89
L,5SDB,G3V
L,6DAV,G3V
L,6DE4,G6Y
L,6ND2,G8J
L,7CTW,GEX
L,3GHC,GHC
L,3GHV,GHC
L,3GHW,GHW
L,3GI2,GHW
L,5SDA,GI6
L,1E26,GPB
L,6DRS,H8A
L,6DTC,H9G
L,1DR1,HBI
L,1DR3,HBI
L,1DR4,HBI
L,1DR6,HBI
L,5SD8,HJI
L,5SD6,HXV
L,5SD9,HZU
L,5SD7,I0E
L,3FRA,I2H
L,5SD8,I6J
L,4IXE,IXE
L,4QJC,IXE
L,4IXF,IXF
L,4QHV,IXF
L,4IXG,IXG
L,6N1S,K9A
L,3JSU,KA5
L,1KMS,LIH
L,1KMV,LII
L,3SRS,M23
L,1DR6,MBO
L,1DR7,MBO
L,4DDR,MMV
L,4DP3,MMV
L,6E4E,MMV
L,1DAJ,MOT
L,1HFP,MOT
L,1HFQ,MOT
L,1HFR,MOT
L,2KGK,N22
L,3CSE,N22
L,3E0B,N22
L,3FQ0,N22
L,3FQO,N22
L,3I8A,N22
L,7T7Q,NDW
L,6PBO,O71
L,3L3R,OAG
L,3OAF,OAG
L,4G95,OAG
L,6PRD,OWG
L,6PR8,OWJ
L,6PRB,OWM
L,6PR7,OWP
L,6PR6,OWS
L,6PR9,OWV
L,4DPH,P65
L,1KLK,PMD
L,1BOZ,PRD
L,3SQY,Q11
L,3SR5,Q12
L,3SRQ,Q19
L,3SRR,Q20
L,3D80,Q22
L,3SRU,Q26
L,3SRW,Q27
L,3QLX,QLR
L,3QLZ,QLZ
L,6PRB,R0Y
L,3FL8,RAR
L,3M08,RAR
L,3M09,RAR
L,4M7V,RAR
L,1VJ3,TAB
L,1DR2,TAP
L,1DR3,TAP
L,1BZF,TMQ
L,1S3U,TQD
L,1S3V,TQD
L,1S3W,TQT
L,1S3Y,TQT
L,1LUD,TRR
L,1YHO,TRR
L,2HM9,TRR
L,5HF0,U06
L,5ISP,U06
L,5ISQ,U06
L,5IST,U06
L,5HF2,U75
L,5JG0,UC9
L,4Q0E,UFP
L,8CRH,VIL
L,8WGM,WCQ
L,8WGN,WCQ
L,3FRF,XCF
L,3FY8,XCF
L,3FY9,XCF
L,3FYV,XCF
L,3FYW,XCF
L,5HF0,XNP
L,5HF2,XNP
L,5IST,XNP
L,6ND2,XNP
L,6PBO,XNP
L,7T7S,XNP
I,3IRM,1CY
I,3IRN,1CY
I,4KNE,1CY
I,6NNH,1CY
I,2CIG,1DG
I,3IRO,2CY
I,6VSE,4RG
I,7REG,4SI
I,7RGO,4SI
I,7RGJ,560
I,7RGK,560
I,5ECX,5N1
I,5ECC,6DR
I,7RGJ,8MU
I,6VS5,9FH
I,8RHT,A1H0S
I,3INV,C50
I,3QFX,CP6
I,4KM0,CP6
I,6NNI,CP6
I,6NND,DHF
I,3KJS,DQ1
I,8TA0,DQI
I,2H2Q,DU
I,8TA1,EII
I,4KLX,ETE
I,5SCZ,FMT
I,5SD0,FMT
I,5SD1,FMT
I,6DDP,G6Y
I,6DDW,G7D
I,5SCM,GHU
I,5ECX,GLV
I,5SCO,GQO
I,5SCN,GUU
I,5SCP,GWL
I,5SCQ,GXC
I,5SCR,GXJ
I,5SCS,GYI
I,5SCT,H03
I,5SCU,H0I
I,5SCV,H4U
I,5SCW,H6O
I,5SD3,H9I
I,5SCY,HEI
I,5SCZ,HI9
I,8TBR,HIJ
I,5SD0,HIK
I,5SCX,HJI
I,5SD2,HJI
I,5SD4,HVR
I,5SD5,HWI
I,5SD1,I6J
I,5SD5,IMD
I,8F83,IMD
I,5SCM,IOD
I,6VSD,JBB
I,6NNE,KUP
I,6NNC,LYA
I,5U26,MMV
I,5UJF,MMV
I,6CXM,MMV
I,6UWW,MMV
I,7K62,MMV
I,7K6C,MMV
I,4KL9,P33
I,6VVB,P33
I,5U27,P65
I,8TA1,PG4
I,6UWQ,QKJ
I,7K68,QKJ
I,7L9T,QKJ
I,6VS8,RJY
I,6VS9,RK4
I,6VS6,RKV
I,6VSF,RKY
I,6VV6,RPJ
I,6VV7,RPM
I,6VV8,RPV
I,6VV9,RQ1
I,6VVB,RQ4
I,7K69,SER
I,3CLB,TMQ
I,3HBB,TMQ
I,4M2X,TMQ
I,5JA3,U06
I,6DDS,U75
I,8COW,VB0
I,8COX,VBJ
I,8COP,VCI
I,8COQ,VDT
I,8CQA,VF6
I,8CQ8,VFF
I,8CQ9,VFU
I,2W3W,VG9
I,7K69,VY7
I,7K6A,VYG
I,7KI8,WFA
I,7KI9,WFJ
I,7KM7,WPD
I,7KM8,WPD
I,7KM9,WPJ
I,3RG9,WRA
I,1DG7,WRB
I,6VSG,X0V
I,8F80,XJB
I,8F81,XJN
I,8F82,XJT
I,8F83,XJZ
I,8F84,XK8
I,8F85,XKI
