aa,folA_count,folA_prop
A,18,0.0002669197461296637
C,0,0.0
D,4,5.9315499139925264e-05
E,6,8.897324870988789e-05
F,42,0.0006228127409692153
G,6,8.897324870988789e-05
H,5,7.414437392490658e-05
I,6708,0.09947209205765467
K,5,7.414437392490658e-05
L,36490,0.5411056409039682
M,23339,0.3460911086066789
N,11,0.00016311762263479448
P,28,0.0004152084939794768
Q,297,0.0044041758111394505
R,15,0.00022243312177471975
S,7,0.0001038021234948692
T,65,0.0009638768610237855
V,385,0.005709116792217806
W,2,2.9657749569962632e-05
Y,3,4.4486624354943947e-05
