IDalign,aa20,aa28,lib,num_barcodes,beta0,beta1,n_points
NP_065309,I,Q,lib15,7,0.0,0.0,6
NP_217279,I,Q,lib15,2,0.12983206727622348,-0.04799897990630114,6
NP_220129,L,L,lib15,105,0.0,0.0,6
NP_224954,L,L,lib15,1,0.272712725896067,-0.12131871550409948,6
NP_229441,V,R,lib15,21,0.0,0.0,6
NP_230094,M,F,lib15,4,-5.570827842767858,-2.0815967932443953,6
NP_239975,I,L,lib15,58,0.0,0.0,6
NP_249041,L,L,lib15,12,0.0,0.0,6
NP_267306,M,Q,lib15,296,1.15911782298972,0.952843622559388,6
NP_269082,L,L,lib15,32,-2.306859643318816,-2.4398752610883103,6
NP_302063,M,L,lib15,6,-0.6804004413484934,-0.6015880311373827,6
NP_359022,L,L,lib15,11,-2.3926672846767936,-2.6589716541778956,6
NP_390064,L,L,lib15,89,-4.890041521865124,-1.5740624171679702,6
NP_414590,M,L,lib15,25,0.0,0.0,6
NP_459092,M,L,lib15,11,0.0,0.0,6
NP_465398,M,L,lib15,2,-5.974410872216546,-1.1354224308358636,6
NP_569370,I,Q,lib15,2,1.6912747139633653,0.3000035945099692,6
NP_569589,L,L,lib15,9,-5.549849207963367,-0.3876118541918989,6
NP_600072,M,L,lib15,27,-0.4346401034058443,-0.5163783215474831,6
NP_636179,L,L,lib15,49,0.023618438441668416,-1.5722438925958204,6
NP_719188,M,L,lib15,30,-4.078536886908788,-0.290787140340338,6
NP_721345,L,L,lib15,98,-1.5638901322376946,-2.4755731783910946,6
NP_747233,M,F,lib15,43,-1.1740288156197407,-2.366154122464491,6
NP_764674,L,L,lib15,198,-3.736250492976577,-0.8664206581867774,6
NP_773150,I,M,lib15,26,0.03889487439753352,0.05323169558224949,6
NP_775043,I,Q,lib15,81,1.7033340026185984,1.9567732845763726,6
NP_803570,L,L,lib15,121,-1.1446339160843388,-0.8876602904824629,6
NP_815294,L,L,lib15,99,-0.740028743410973,-0.3126485065201263,6
NP_820968,L,L,lib15,50,-5.655968325357128,-0.6137991569355754,6
NP_831957,L,L,lib15,114,-0.5390227536146576,-1.8565232640890237,6
NP_944205,L,M,lib15,36,-2.288203232891485,-2.232473148466499,6
NP_951629,I,L,lib15,16,0.0,0.0,6
WP_000162304,L,L,lib15,51,-2.1123324419113554,-2.7968348300521204,6
WP_000162306,L,L,lib15,45,-2.033163790472905,-2.618944591440994,6
WP_000162307,L,L,lib15,47,-2.129038222757147,-2.7044342313420655,6
WP_000162308,L,L,lib15,200,-2.0169670314977934,-2.632697732246378,6
WP_000162309,L,L,lib15,209,-2.1479371058295493,-2.7069545225918272,6
WP_000162310,L,L,lib15,144,0.14291103826513799,-1.9438542235961462,6
WP_000162311,L,L,lib15,53,-2.7029855286292346,-2.7307445483070727,6
WP_000162312,L,L,lib15,46,-2.3884781614582384,-2.7329467049117206,6
WP_000162313,L,L,lib15,37,-3.4688419234449177,-2.6191065748379083,6
WP_000162314,L,L,lib15,2,-2.4230242104327484,-2.16873194586187,6
WP_000162437,L,L,lib15,12,0.6825193428530446,-0.9779424941109216,6
WP_000162445,L,L,lib15,2,-2.1220830940234974,-1.9105604857893004,6
WP_000162448,L,L,lib15,78,-0.5816699425533067,-2.3659542227164265,6
WP_000162449,L,L,lib15,1,-0.07094985784793423,-1.4976701623122184,6
WP_000162450,L,L,lib15,184,0.3166444246175891,-1.6339542399881337,6
WP_000162451,L,L,lib15,196,-2.536295189320213,-2.7001289018626484,6
WP_000162453,L,L,lib15,181,-0.13856994878431494,-2.110862690598328,6
WP_000162454,L,L,lib15,104,-1.0577597489843942,-2.118035006751079,6
WP_000162456,L,L,lib15,287,-1.5567922776059946,-2.5577374075970627,6
WP_000162457,L,L,lib15,120,-1.919388873652844,-2.6998280732792095,6
WP_000162462,L,L,lib15,110,-1.5858355859863,-2.582608504573975,6
WP_000162470,L,L,lib15,28,-1.47079741579349,-2.5246794222998337,6
WP_000162471,L,L,lib15,7,0.6382017449291975,-1.1130778075793673,6
WP_000162477,L,L,lib15,9,-1.716579311886657,-2.8098463944816894,6
WP_000162478,L,L,lib15,35,-2.1568925748308465,-2.17850103123172,6
WP_000162482,L,L,lib15,18,-3.325650532456112,-2.342761797028913,6
WP_000162484,L,L,lib15,3,-2.548093158305255,-2.497351280222305,6
WP_000162485,L,L,lib15,117,-2.604098856040159,-2.723351725494304,6
WP_000162486,L,L,lib15,1,-2.251835392692025,-3.485939644259042,6
WP_000162494,L,L,lib15,1,-3.198468063817617,-2.0780105990103155,6
WP_000162495,L,L,lib15,3,-0.41148393177918113,-0.7697888458573474,6
WP_000162499,L,L,lib15,12,-3.5993262279727936,-2.6902803742155585,6
WP_000162500,L,L,lib15,4,-2.044461920521674,-2.994986893651733,6
WP_000162501,L,L,lib15,210,-1.48599970105982,-2.68286726489114,6
WP_000162502,L,L,lib15,45,-1.8122842592519228,-2.674432500522772,6
WP_000162503,L,L,lib15,2,-2.0902704129164857,-2.4071130759973007,6
WP_000162504,L,L,lib15,268,-2.158931876143265,-2.5577312511722075,6
WP_000175741,L,L,lib15,34,-4.531061230143244,-1.7554719542295072,6
WP_000175742,L,L,lib15,280,-4.415527690354549,-1.7935463796705382,6
WP_000175745,L,L,lib15,394,-3.1359897321732797,-0.46327839462967185,6
WP_000175752,L,L,lib15,59,-3.879453394652689,-1.4926763236693767,6
WP_000175753,L,L,lib15,69,-4.143959401377112,-2.183761430013552,6
WP_000312547,L,L,lib15,51,-0.4844137816705693,-0.2978400615320438,6
WP_000312550,L,L,lib15,32,0.0,0.0,6
WP_000312552,L,L,lib15,11,-3.22847397662963,-1.1467144911850249,6
WP_000312553,L,L,lib15,44,-3.530273862688274,-1.5230773475194346,6
WP_000587144,L,L,lib15,13,0.0,0.0,6
WP_000624373,M,L,lib15,87,0.0,0.0,6
WP_000624381,M,L,lib15,4,0.0,0.0,6
WP_000624383,M,L,lib15,69,0.0,0.0,6
WP_000624384,M,L,lib15,229,-5.417827501958614,-0.485033358701503,6
WP_000637196,L,L,lib15,17,0.05151330801902245,-1.6175813739444476,6
WP_000637198,L,L,lib15,110,0.0,0.0,6
WP_000637199,L,L,lib15,125,-0.18763524741654605,-1.9510063166671168,6
WP_000637203,L,L,lib15,106,0.4498278329570709,-1.5268347353312397,6
WP_000637204,L,L,lib15,271,0.3078407848006188,-1.7463780873979475,6
WP_000637207,L,L,lib15,19,0.0,0.0,6
WP_000637208,L,L,lib15,269,-0.3324349591216808,-0.5068728730400539,6
WP_000637209,L,L,lib15,283,0.419072348408894,-1.6522981703305801,6
WP_000637210,L,L,lib15,235,-0.891569527786445,-1.4254783384582708,6
WP_000637211,L,L,lib15,100,0.4943174305323055,-1.4252989930383222,6
WP_000637212,L,L,lib15,2,-0.5569343028823525,-1.2113418398331173,6
WP_000637213,L,L,lib15,126,-0.4596044922277616,-0.9265116488142727,6
WP_000637214,L,L,lib15,214,0.6319970990789765,-1.1617445617144588,6
WP_000637215,L,L,lib15,321,-0.7326301675022486,-1.7980279631918301,6
WP_000637216,L,L,lib15,119,-0.23761526728071625,-1.8868008412208057,6
WP_000637217,L,L,lib15,56,-0.5601317991040364,-0.7711058492530865,6
WP_000637218,L,L,lib15,89,-0.26010405381753143,-0.3898106316214999,6
WP_000637219,L,L,lib15,126,0.0986346001227226,-1.7063215542680585,6
WP_000781809,L,L,lib15,250,-5.6575126044695745,-0.6259481539900689,6
WP_000781810,L,L,lib15,230,-5.582900719370798,-0.49748184740235335,6
WP_000781811,L,L,lib15,104,-5.06479311059431,-0.2663693699984028,6
WP_000973544,M,F,lib15,114,-4.132283998222147,-2.2754198474514897,6
WP_001035150,L,L,lib15,101,-1.5845557599402855,-2.6503350147172204,6
WP_001393556,M,L,lib15,169,0.0,0.0,6
WP_001408245,M,L,lib15,61,0.0,0.0,6
WP_001487721,M,L,lib15,219,0.0,0.0,6
WP_001489286,M,L,lib15,117,0.0,0.0,6
WP_001566069,M,L,lib15,53,0.0,0.0,6
WP_001584570,M,L,lib15,1,0.0,0.0,6
WP_001718077,L,L,lib15,5,-1.1718119603741106,-0.0727567608992281,6
WP_001863392,L,L,lib15,71,-0.31444791773325786,-2.338963512599567,6
WP_001864547,L,L,lib15,2,0.028659376570908272,-2.2032135942682274,6
WP_001980312,L,L,lib15,9,-0.09911039370892748,-2.1576046413481187,6
WP_002012617,L,L,lib15,1,-0.8638073967383049,-2.3113374730546363,6
WP_002031690,L,L,lib15,293,-0.42934974799025033,-0.5563808986322764,6
WP_002065185,L,L,lib15,202,0.25467003513136005,-1.7135738743803335,6
WP_002114723,L,L,lib15,66,-3.238614599398792,-2.040578544877679,6
WP_002118976,L,L,lib15,133,0.0,0.0,6
WP_002136083,L,L,lib15,11,-0.7072942630099284,-1.109523674215975,6
WP_002200642,L,L,lib15,108,0.0,0.0,6
WP_002205327,L,L,lib15,171,1.0414544200893054,-0.3800426570474011,6
WP_002210497,M,L,lib15,34,0.0,0.0,6
WP_002216373,M,F,lib15,18,0.27267643476864784,-1.4943392862403864,6
WP_002233495,M,F,lib15,4,-0.5117385752355293,-1.8335873980578745,6
WP_002256361,M,F,lib15,55,0.036469383002549094,-1.6844636676466056,6
WP_002296121,L,M,lib15,4,-1.1241977034990833,-0.39508469212294,6
WP_002306927,L,L,lib15,5,0.0,0.0,6
WP_002308859,L,M,lib15,23,0.0,0.0,6
WP_002309578,L,L,lib15,21,0.0,0.0,6
WP_002313876,L,L,lib15,78,0.0,0.0,6
WP_002314787,L,M,lib15,140,0.0,0.0,6
WP_002329360,L,M,lib15,211,0.0,0.0,6
WP_002357568,L,L,lib15,35,0.0,0.0,6
WP_002365665,L,L,lib15,205,0.0,0.0,6
WP_002384507,L,L,lib15,160,0.0,0.0,6
WP_002386810,L,L,lib15,22,0.0,0.0,6
WP_002434338,M,L,lib15,135,-0.05365419059908192,-0.19583966280507792,6
WP_002451172,L,L,lib15,16,-4.1515247585342125,-1.47936349691146,6
WP_002455337,L,L,lib15,451,-3.288902579181451,-1.470230450378944,6
WP_002459164,L,L,lib15,10,0.0,0.0,6
WP_002464119,M,L,lib15,41,0.0,0.0,6
WP_002465218,L,L,lib15,104,-2.979323574611691,-0.978795991384312,6
WP_002470989,L,L,lib15,6,-0.28445217117376276,-0.11300983895616243,6
WP_002480941,L,L,lib15,19,-3.33101673435746,-1.4282134448991022,6
WP_002483287,L,L,lib15,73,0.0,0.0,6
WP_002511149,L,L,lib15,1,0.6089620223577933,-0.43935909523163036,6
WP_002514670,M,F,lib15,232,-2.1286600137025253,-0.3978062436548069,6
WP_002516137,M,F,lib15,27,0.0,0.0,6
WP_002522165,M,F,lib15,69,0.0,0.0,6
WP_002528547,M,F,lib15,288,0.0,0.0,6
WP_002569854,P,R,lib15,65,0.0,0.0,6
WP_002569855,L,M,lib15,184,-0.08904441456613871,-1.5623614919871809,6
WP_002578253,L,M,lib15,9,-0.6529801323525238,-2.0951115000719223,6
WP_002578254,P,R,lib15,12,0.0,0.0,6
WP_002583107,L,L,lib15,63,-0.5361190792838298,-1.7546796689179496,6
WP_002587016,L,M,lib15,21,-1.7125146787735117,-2.263157662792713,6
WP_002596555,L,L,lib15,307,-1.210745184878151,-2.227008662020794,6
WP_002602832,L,M,lib15,21,-2.7416428284610155,-2.1849063936667315,6
WP_002602834,L,Q,lib15,9,0.0,0.0,6
WP_002635775,L,L,lib15,55,0.0,0.0,6
WP_002641668,I,F,lib15,409,0.09892083017350153,0.1353834817595696,6
WP_002650194,M,L,lib15,94,0.0,0.0,6
WP_002664533,M,L,lib15,158,-6.1967588272713545,-0.6396052658239565,6
WP_002670343,L,F,lib15,27,0.2482605429313917,-1.3854628432032352,6
WP_002687527,M,L,lib15,34,0.0,0.0,6
WP_002698981,L,M,lib15,2,0.0,0.0,6
WP_002811844,L,L,lib15,30,0.8728085599109162,-0.2940572750269432,6
WP_002817137,L,L,lib15,158,-2.4670116056648568,-1.786037496387883,6
WP_002820451,L,L,lib15,388,-2.623752465474368,-1.4636831584154069,6
WP_002839715,M,M,lib15,178,1.4107146821987675,0.516888332778718,6
WP_002841202,M,M,lib15,9,-0.6588701993519415,-2.3383681818236104,6
WP_002885904,M,L,lib15,41,-0.5665920739757153,-0.8287230048982343,6
WP_002888320,M,L,lib15,6,0.0,0.0,6
WP_002889081,M,L,lib15,144,-0.32292920437805245,-2.1149353319282476,6
WP_002897636,M,L,lib15,153,0.8885634628675261,-0.9460858603411336,6
WP_002904437,M,L,lib15,62,0.017372797871443132,-1.9281249269560305,6
WP_002906638,M,L,lib15,52,0.2839769704335106,-1.5957119388329486,6
WP_002909821,M,L,lib15,22,0.8662097112516837,-1.0104272665625278,6
WP_002917312,M,L,lib15,55,0.695630431231397,-1.3280672218131118,6
WP_002921373,M,L,lib15,3,-0.45759819826192283,-1.6080974528756975,6
WP_002924855,M,L,lib15,25,0.31526208802261013,-1.5304730375055149,6
WP_002930343,M,L,lib15,223,1.0342358923453294,-0.4755934736146657,6
WP_002931755,L,L,lib15,8,-2.3586634060094953,-0.16327219408410748,6
WP_002933845,M,L,lib15,126,0.6738746829343313,-1.302417946240572,6
WP_002934971,L,L,lib15,218,-3.9095676401761232,-2.421747258883846,6
WP_002946474,M,L,lib15,153,0.0,0.0,6
WP_002950147,M,L,lib15,67,-0.8607353141456056,-0.42992206750693895,6
WP_002983619,L,L,lib15,40,0.0,0.0,6
WP_002984955,L,L,lib15,36,-1.7421996261927764,-2.540738613269941,6
WP_002990062,I,F,lib15,144,0.21631381225511373,-1.0518040368294648,6
WP_003002249,M,F,lib15,46,-0.41896027738797753,-0.19699541787502073,6
WP_003007444,M,L,lib15,1,-0.4860066366085098,-2.3391419959149617,6
WP_003011321,M,L,lib15,416,-0.6582499924466392,-2.261316245437191,6
WP_003012456,M,F,lib15,386,-3.394226943365483,-2.19115384613252,6
WP_003016297,M,L,lib15,39,0.15099080727856126,-1.8664580975931464,6
WP_003027976,L,L,lib15,97,-4.626443156968142,-1.9403421108359284,6
WP_003032260,L,L,lib15,105,-3.972948519668545,-2.3076020002600024,6
WP_003035097,L,L,lib15,15,-4.710778737922516,-2.340341859826137,6
WP_003040947,I,L,lib15,13,-0.05365419059908192,-0.19583966280507792,6
WP_003054187,L,L,lib15,476,-2.4387599578499795,-2.577679028046129,6
WP_003057335,L,L,lib15,3,0.0,0.0,6
WP_003065197,L,L,lib15,21,-0.07327043225292876,-2.0006218213148705,6
WP_003072921,L,L,lib15,88,-3.9002412890446094,-2.070816413878398,6
WP_003088134,L,L,lib15,8,-0.9771976578470325,-2.441167170894575,6
WP_003093756,M,L,lib15,124,-1.9349225867303932,-2.2923305062311687,6
WP_003126959,L,L,lib15,221,0.0,0.0,6
WP_003137297,L,L,lib15,190,0.0,0.0,6
WP_003140871,L,L,lib15,88,-2.581002865550294,-0.3310181564725369,6
WP_003146014,I,M,lib15,248,0.0,0.0,6
WP_003148742,L,M,lib15,39,-1.5639307031592002,-1.1842794588905847,6
WP_003167212,L,L,lib15,2,-1.5643601173414188,-0.6595934257567161,6
WP_003197378,L,L,lib15,151,-0.039684697091869905,-2.042890093693329,6
WP_003215564,M,L,lib15,180,-4.297387365861907,-0.29834988995731937,6
WP_003218222,L,L,lib15,98,-3.9501967942619607,-1.656884819777951,6
WP_003250718,L,L,lib15,58,-5.776219727554946,-0.39343924663592555,6
WP_003268911,L,L,lib15,92,-5.075270324812616,-0.6521661788796502,6
WP_003286769,M,L,lib15,17,-2.831486662615577,-0.29266363788674743,6
WP_003321978,M,L,lib15,50,-6.5171220777549275,-1.3335448800752596,6
WP_003325705,L,L,lib15,187,-3.658973527991284,-1.837654961020695,6
WP_003335971,L,L,lib15,113,-5.01876828332285,-1.0770264784732757,6
WP_003340589,L,L,lib15,322,-4.664957455453397,-1.494805730431917,6
WP_003354931,L,L,lib15,257,-5.189928350419018,-0.32487375965002974,6
WP_003375568,L,L,lib15,24,0.0,0.0,6
WP_003397230,L,L,lib15,33,0.0,0.0,6
WP_003441833,L,L,lib15,38,-1.6293200503421026,-2.007137548262275,6
WP_003468692,M,L,lib15,80,-1.0087445007387725,-1.3342664469292649,6
WP_003474891,M,L,lib15,80,-0.9123898927400597,-1.635719328328437,6
WP_003479843,M,L,lib15,16,-1.2135484255665911,-2.2642422498268306,6
WP_003498667,M,Q,lib15,23,-0.019866904772644106,-0.07251489377088448,6
WP_003560383,L,M,lib15,100,-0.3171031597195384,-0.4858897051768169,6
WP_003565377,L,L,lib15,42,0.0,0.0,6
WP_003570293,L,L,lib15,9,0.0,0.0,6
WP_003575033,L,L,lib15,51,0.0,0.0,6
WP_003593445,M,L,lib15,88,-0.1842340707367894,-1.0390737621664086,6
WP_003607688,I,M,lib15,5,0.8076455817900541,-0.3464501003765653,6
WP_003633095,L,L,lib15,10,-6.40182514882918,-1.34103164720651,6
WP_003640578,L,M,lib15,75,0.0,0.0,6
WP_003649012,L,L,lib15,77,0.0,0.0,6
WP_003654807,L,L,lib15,23,-3.069380684123951,-2.44961428875343,6
WP_003660945,L,L,lib15,6,-0.32556117152245034,-0.15755596467247993,6
WP_003666061,I,M,lib15,140,-1.0570694121495066,-2.1132224789908514,6
WP_003674233,I,M,lib15,25,-0.5526718883376658,-1.0616893385316963,6
WP_003679735,L,L,lib15,4,-1.2003652740649924,-0.11713510446870849,6
WP_003683166,M,L,lib15,42,-4.25378257639904,-1.729242483662462,6
WP_003686654,M,F,lib15,10,1.1971934384132443,0.5168647906436732,6
WP_003690263,L,L,lib15,53,0.0,0.0,6
WP_003693897,L,L,lib15,2,-3.880481251391648,-1.722222394619215,6
WP_003700097,L,L,lib15,2,-1.279395041786867,-0.8037389176183438,6
WP_003703789,L,L,lib15,33,-1.8798416095198882,-1.6470628004880221,6
WP_003706162,L,L,lib15,4,-2.5930831025539454,-1.7776251152651221,6
WP_003707890,L,L,lib15,1,-2.0018228821744786,-0.38445204461029275,6
WP_003710023,L,L,lib15,27,-0.24126925374349364,-0.3104988223995717,6
WP_003711822,L,L,lib15,2,-1.520256555349586,-1.579533721306074,6
WP_003714029,M,F,lib15,1,-0.41993597550664463,-2.1655991255402305,6
WP_003717025,L,L,lib15,144,0.0,0.0,6
WP_003734428,M,L,lib15,1,-5.878883948176201,-1.577673506057376,6
WP_003747727,M,F,lib15,34,0.5043725699179028,-0.9387314386894035,6
WP_003748519,M,L,lib15,35,-5.526963667412081,-1.4644439001297413,6
WP_003752146,M,F,lib15,1,-0.1644917782069575,-1.6956287103142873,6
WP_003758501,M,L,lib15,303,-5.6492358896346735,-0.6051481350624967,6
WP_003762131,M,F,lib15,97,-0.7411883885552978,-2.215362845881289,6
WP_003769360,M,L,lib15,17,0.0,0.0,6
WP_003770175,M,F,lib15,1,-1.606261383153054,-0.03263708528871797,6
WP_003773894,M,L,lib15,58,-0.8419715391417669,-2.2562276265467625,6
WP_003776922,L,L,lib15,403,0.0,0.0,6
WP_003779699,M,F,lib15,32,0.09867802179655456,-1.6459811580198893,6
WP_003781984,M,F,lib15,12,-1.0308180337875903,-1.048192528385016,6
WP_003785622,I,F,lib15,4,0.0,0.0,6
WP_003795223,I,F,lib15,90,-0.4767709889606373,-1.9684140319470884,6
WP_003803908,L,L,lib15,119,-1.3231372233854934,-0.4399255417509268,6
WP_003862388,M,L,lib15,36,0.0,0.0,6
WP_003863886,M,L,lib15,22,0.9222127829665437,-0.41693279540370953,6
WP_003924348,L,L,lib15,16,-0.22537285302436702,-0.18708504402060994,6
WP_003937743,I,M,lib15,5,0.0,0.0,6
WP_003946393,I,M,lib15,6,0.0,0.0,6
WP_004025489,I,L,lib15,178,-1.0356534590489366,-1.063949403778854,6
WP_004025610,L,L,lib15,16,-0.46188242914837657,-0.3231892821124434,6
WP_004026355,L,L,lib15,20,0.0,0.0,6
WP_004028614,L,L,lib15,203,-2.496561551208156,-1.6148342075332343,6
WP_004043660,L,K,lib15,6,0.0,0.0,6
WP_004045007,L,L,lib15,135,-0.33937166081161174,-0.5671705090870486,6
WP_004047871,L,L,lib15,192,-2.756438908461916,-0.7281225244008083,6
WP_004057195,L,K,lib15,16,-0.4509744824883638,-0.5934617271084498,6
WP_004064107,L,L,lib15,197,0.0,0.0,6
WP_004079202,M,M,lib15,30,0.6517915004595579,-0.30900095690076296,6
WP_004085867,L,L,lib15,3,0.0,0.0,6
WP_004104442,I,K,lib15,17,0.0,0.0,6
WP_004115905,M,L,lib15,2,1.27303674037288,-0.017414316811862566,6
WP_004138800,M,L,lib15,93,-3.586593971397924,-2.4762086412124424,6
WP_004164229,I,L,lib15,294,0.11562980961816592,0.05668390252658078,6
WP_004165921,I,M,lib15,63,0.8475934148489225,0.16496698663166756,6
WP_004166957,M,M,lib15,237,0.7773872951976376,-0.9113722290252355,6
WP_004177012,L,L,lib15,3,0.0,0.0,6
WP_004182957,M,L,lib15,282,-0.7845965314964409,-2.2702413369586028,6
WP_004187031,M,L,lib15,106,0.5411648597244935,-1.6579096964573428,6
WP_004212367,L,L,lib15,62,-1.9755117500992623,-0.9789533643056706,6
WP_004223430,L,M,lib15,43,0.0,0.0,6
WP_004232047,L,L,lib15,117,-0.46718749786572544,-2.430659919182463,6
WP_004245545,M,L,lib15,146,-3.7401747082216517,-0.5306315586324285,6
WP_004252176,L,L,lib15,115,0.6717219720770178,-1.0980338207016906,6
WP_004262326,L,L,lib15,9,-1.706085874970974,-2.5250787229810205,6
WP_004270296,L,L,lib15,136,0.0,0.0,6
WP_004286630,L,L,lib15,174,-3.2041358149363646,-2.3623753340935303,6
WP_004288595,L,L,lib15,117,-0.45547573567325045,-2.186902431742648,6
WP_004297954,L,L,lib15,13,-0.6266093820061215,-2.365264381053994,6
WP_004311692,L,L,lib15,319,-0.07915527234272172,-1.8710987205532619,6
WP_004315768,L,L,lib15,53,-1.0980647049028134,-2.465035353350948,6
WP_004321824,L,L,lib15,62,-0.07389725707228609,-1.7569015714908625,6
WP_004336126,L,L,lib15,77,-0.10592454587802239,-1.8276025334322494,6
WP_004354535,M,L,lib15,175,-2.0538503238657944,-2.49327721562268,6
WP_004357589,M,L,lib15,34,-2.31051186180759,-2.0547247720921837,6
WP_004359715,V,L,lib15,29,-0.583586564096712,-2.1242077498277823,6
WP_004362212,M,L,lib15,48,-0.5281746696699242,-1.92539597961205,6
WP_004366090,M,L,lib15,17,0.2540980744030471,-1.4131752243121636,6
WP_004368566,L,L,lib15,196,-0.8976804357235545,-2.2854950732745793,6
WP_004371455,L,L,lib15,5,-0.7580357883169683,-0.8318716704769088,6
WP_004375525,L,L,lib15,12,-3.2170364612599447,-1.4813922897375176,6
WP_004382106,M,L,lib15,395,-1.9415536903980175,-2.044400689070516,6
WP_004386239,M,L,lib15,2,0.0,0.0,6
WP_004392428,M,L,lib15,30,0.0,0.0,6
WP_004396075,M,F,lib15,22,-5.453610796486118,-1.1800906825651625,6
WP_004435037,L,L,lib15,24,-2.621067098993597,-0.17633807911418148,6
WP_004437119,L,L,lib15,229,0.0,0.0,6
WP_004442738,M,L,lib15,29,1.096724950587295,-0.06447549039907462,6
WP_004443350,L,L,lib15,10,-1.332133205331728,-1.8363267047563963,6
WP_004456775,M,L,lib15,38,-1.15506632792972,-2.026501719616763,6
WP_004467510,M,F,lib15,2,0.23439033523622652,-1.4356249402096652,6
WP_004547470,L,L,lib15,78,-6.264424037252633,-0.2514280739501764,6
WP_004561476,L,M,lib15,14,0.0,0.0,6
WP_004570408,L,L,lib15,298,-0.32374075330226726,-0.2594700733049876,6
WP_004585598,L,L,lib15,47,0.6232632274787605,-0.9405213421389607,6
WP_004603017,L,M,lib15,1,-2.007152825048492,-2.6290744633445025,6
WP_004614090,L,M,lib15,461,-2.038715879572516,-2.4451070107272623,6
WP_004617034,M,F,lib15,11,0.7786139109318447,0.40700480863609373,6
WP_004629118,L,L,lib15,8,-5.125869924510413,-0.41155654058628344,6
WP_004632046,I,M,lib15,308,-1.340319925102796,-1.328945135127267,6
WP_004636328,L,L,lib15,90,-1.6604594844950582,-0.1026436408383077,6
WP_004637828,L,L,lib15,6,-2.94995540844385,-1.0225160888972051,6
WP_004647417,L,L,lib15,347,-2.658396997517607,-1.3687907699701294,6
WP_004658932,L,L,lib15,53,-3.0658942638111277,-1.3799024080292568,6
WP_004668576,L,L,lib15,56,0.0,0.0,6
WP_004680534,L,L,lib15,55,-1.7400763039225264,-0.399830681732582,6
WP_004696896,L,L,lib15,2,-1.970168399669369,-2.400027527447219,6
WP_004698840,L,L,lib15,4,-3.211346445772644,-0.5496081532511016,6
WP_004702785,M,L,lib15,6,-0.24510653182343073,-0.15288849213193886,6
WP_004721562,M,L,lib15,51,-2.7742910646583816,-0.285050899441318,6
WP_004726482,L,L,lib15,190,-0.8868211688849948,-2.3692451149304516,6
WP_004729503,L,L,lib15,71,0.0,0.0,6
WP_004742552,M,F,lib15,84,-2.6046361952468433,-1.0439484531352767,6
WP_004753875,L,L,lib15,2,-0.924313168150609,-0.8611809035624213,6
WP_004756163,L,L,lib15,12,0.0,0.0,6
WP_004762151,L,L,lib15,108,-2.539812921366133,-2.0835645412812456,6
WP_004774297,L,L,lib15,21,-2.6201581755847867,-1.1627400045301772,6
WP_004794794,L,L,lib15,107,-3.2551312133969565,-1.6807797697360174,6
WP_004797168,L,L,lib15,21,0.0,0.0,6
WP_004799309,L,L,lib15,351,-4.216115143335709,-0.36747458802733823,6
WP_004800116,L,L,lib15,62,0.0,0.0,6
WP_004807669,M,F,lib15,1,-0.8594922197678451,-1.0696392711128582,6
WP_004813248,L,L,lib15,255,-1.8421888229744068,-1.0276651189137105,6
WP_004817960,L,L,lib15,188,-0.15595149204515296,-1.2984779170005178,6
WP_004818861,L,L,lib15,81,-1.1179113113776904,-2.4156510905094217,6
WP_004821027,M,L,lib15,26,-0.10865290096387765,-0.2761490149622138,6
WP_004826920,M,L,lib15,617,-1.2861942508633495,-0.782460285839061,6
WP_004830208,L,L,lib15,146,-1.313823095639516,-2.5779782351709,6
WP_004832905,L,M,lib15,42,-1.7767837533394224,-1.5771467075253076,6
WP_004834671,M,L,lib15,1,-2.8412600634159486,-2.6424414253535002,6
WP_004836669,M,L,lib15,823,-1.8909639491831278,-2.1104738307291075,6
WP_004838134,L,L,lib15,42,-2.2891644365435044,-2.012460125536205,6
WP_004846132,L,M,lib15,11,-1.5495406279477444,-1.496849191264197,6
WP_004852952,L,Q,lib15,13,-0.47802132015343507,-1.592685557855515,6
WP_004855114,L,L,lib15,72,-1.7911216816874427,-2.543740440788069,6
WP_004855820,M,L,lib15,10,-4.092719362467338,-0.8726626664727151,6
WP_004876733,L,L,lib15,65,0.0,0.0,6
WP_004890475,L,L,lib15,13,-6.426789737164623,-0.3819907201431116,6
WP_004895238,L,L,lib15,49,0.0,0.0,6
WP_004897156,L,L,lib15,47,0.0,0.0,6
WP_004903240,L,L,lib15,2,-1.293919385485486,-0.4179488531770711,6
WP_004907189,L,L,lib15,223,0.22965873308871684,-0.9897163530810642,6
WP_004908621,M,L,lib15,47,0.0,0.0,6
WP_004916485,L,L,lib15,78,-3.2122037905484757,-2.162507836576414,6
WP_004918315,L,L,lib15,5,-3.8922625231094705,-2.0033651722684898,6
WP_004920127,L,L,lib15,8,-3.275198359259614,-2.4153601598474252,6
WP_004955442,M,L,lib15,81,-4.4803648718359925,-0.7098980516052442,6
WP_004957782,L,L,lib15,6,-3.010427895613326,-2.255222126601288,6
WP_004958883,L,L,lib15,9,0.0,0.0,6
WP_004968047,L,K,lib15,6,0.0,0.0,6
WP_004974792,L,L,lib15,113,-3.1405537020648726,-2.3122802935857947,6
WP_004979012,L,L,lib15,1,-2.9435564540868686,-1.323950148959628,6
WP_004993976,L,L,lib15,215,-2.823195954316712,-2.4388580181068136,6
WP_004994850,L,L,lib15,65,0.0,0.0,6
WP_004996932,M,F,lib15,143,0.0,0.0,6
WP_005015479,L,L,lib15,5,-1.0122211039608051,-2.5339466103121735,6
WP_005023315,L,L,lib15,69,-1.0560868608917415,-0.4688458324378579,6
WP_005033778,L,L,lib15,180,-0.9437877589252303,-2.365655920474565,6
WP_005051336,L,L,lib15,8,-0.48201288027744416,-0.2317994463495386,6
WP_005061314,L,L,lib15,89,0.0,0.0,6
WP_005083623,L,L,lib15,63,0.0,0.0,6
WP_005095538,L,L,lib15,10,-2.088173074287639,-1.607750857433483,6
WP_005148739,I,L,lib15,9,-0.2922687690200709,-0.36923073776199544,6
WP_005155171,L,L,lib15,136,-2.4764257795078883,-0.8399811020697365,6
WP_005162425,L,L,lib15,30,-3.276999817684931,-1.8232084507886321,6
WP_005166996,M,L,lib15,43,-4.824849930755678,-0.8909090990238355,6
WP_005172777,L,L,lib15,64,0.0,0.0,6
WP_005180205,L,L,lib15,11,-1.1467057381426138,-0.21330575044384933,6
WP_005195010,L,L,lib15,24,-1.2466714316067384,-0.5423292018846859,6
WP_005197432,I,M,lib15,5,0.677318054085559,-0.125711886175934,6
WP_005200258,L,L,lib15,9,0.0,0.0,6
WP_005210232,L,L,lib15,5,0.0,0.0,6
WP_005210368,L,L,lib15,41,0.0,0.0,6
WP_005220873,L,L,lib15,37,-0.2799181882362379,-0.3633939235501367,6
WP_005222856,L,L,lib15,3,0.0,0.0,6
WP_005229592,L,L,lib15,2,-0.9170323961018021,-0.674478627118218,6
WP_005236875,L,L,lib15,9,0.0,0.0,6
WP_005239838,L,L,lib15,3,-2.0455027369138628,-0.9038630550732348,6
WP_005251635,I,M,lib15,1,0.0,0.0,6
WP_005254207,I,M,lib15,5,-0.4212068569372577,0.013133563161232518,6
WP_005255307,L,L,lib15,168,-2.684710381960859,-0.8547598088320404,6
WP_005261760,L,L,lib15,2,0.15558554025737076,-0.11225317784832135,6
WP_005267485,L,L,lib15,262,-0.8829631190027706,-0.42279664036153874,6
WP_005280603,L,L,lib15,10,0.0,0.0,6
WP_005291404,M,L,lib15,58,-1.2669864162631614,-1.4100127672138,6
WP_005315240,L,L,lib15,41,0.0,0.0,6
WP_005346156,L,M,lib15,3,-1.1661674916926374,-1.2340965636277927,6
WP_005357877,L,L,lib15,7,0.4084611943561652,-0.62831382565931,6
WP_005364041,L,M,lib15,453,-2.155804943872293,-2.2171308656341076,6
WP_005369321,M,L,lib15,140,-2.47439417777293,-1.5019382620145432,6
WP_005369895,M,F,lib15,40,-3.396980388100777,-2.3272894314169315,6
WP_005379345,L,L,lib15,143,-2.1537761535251088,-2.4065762342774817,6
WP_005379666,M,F,lib15,1,-3.2297362923438313,-2.6885424292900497,6
WP_005382259,L,L,lib15,76,-2.289995949297294,-1.3922761083481496,6
WP_005385658,L,L,lib15,8,-1.6759042366587726,-1.6859865570253854,6
WP_005392293,M,F,lib15,75,-3.1102354205703717,-2.3232675669496494,6
WP_005395774,M,L,lib15,14,-1.2186168643798303,-0.328738520285679,6
WP_005398549,M,L,lib15,108,-3.736897693550798,-2.4389919170266707,6
WP_005400837,L,L,lib15,1,0.7714301523863167,-0.8262688735759423,6
WP_005427260,L,M,lib15,320,-0.3356859021295126,-1.8457943820486833,6
WP_005430428,M,F,lib15,44,-2.4524212364177704,-2.4232116630703575,6
WP_005433217,M,F,lib15,18,-1.089758207624217,-2.107323131177043,6
WP_005437380,M,F,lib15,4,-3.445443305069969,-2.2629470190564684,6
WP_005450473,M,F,lib15,63,-2.190961756588456,-2.402926311721325,6
WP_005468577,L,L,lib15,220,-2.15441284827704,-1.5870976812241608,6
WP_005488479,I,L,lib15,38,-0.6459044745259287,-0.4530741731015985,6
WP_005490994,M,L,lib15,25,0.0,0.0,6
WP_005496975,M,F,lib15,1,-3.305848415007771,-2.9194986695690752,6
WP_005504083,M,F,lib15,1,-2.1950594768124345,-2.4765330523749522,6
WP_005514888,I,M,lib15,1,-0.3632675214289075,-1.1843247078288381,6
WP_005532998,I,L,lib15,2,-0.8646048944397233,-0.1608091422663684,6
WP_005538969,L,K,lib15,3,0.0,0.0,6
WP_005544483,M,L,lib15,24,-3.2450669101530103,-0.44917704210087933,6
WP_005549928,M,M,lib15,102,-5.065925911189954,-1.4613968043547578,6
WP_005555536,M,L,lib15,9,0.0,0.0,6
WP_005558437,M,L,lib15,190,-5.494769934561942,-1.7166274565874573,6
WP_005562395,I,M,lib15,2,0.3622242898948515,0.17055352063266355,6
WP_005576873,M,L,lib15,6,-0.49999999999999983,-6.756299540785832e-17,6
WP_005577110,M,L,lib15,11,0.0,0.0,6
WP_005581834,L,L,lib15,406,-1.5849625007211559,0.0,6
WP_005593154,M,F,lib15,64,-2.9334128877146353,-1.7873619683738404,6
WP_005605215,L,L,lib15,20,-3.0154234171963914,-2.1271351497256554,6
WP_005612722,L,M,lib15,95,-0.9985808596193138,-2.2633997137414066,6
WP_005622496,M,L,lib15,12,-6.466639302570775,-1.1837950251384977,6
WP_005632134,I,L,lib15,144,-0.9073045329817175,-0.895621904219105,6
WP_005635192,M,L,lib15,93,-6.875788605748847,-0.6602610440628719,6
WP_005640098,I,L,lib15,3,-2.612035817258185,-2.7223803226976786,6
WP_005647059,M,L,lib15,37,-5.36454953544445,-1.8259082412719803,6
WP_005648179,L,M,lib15,50,-0.7001494187811695,-1.67389393942359,6
WP_005686414,L,L,lib15,1,0.0,0.0,6
WP_005689288,L,L,lib15,88,0.0,0.0,6
WP_005701333,M,L,lib15,129,-3.56356138085716,-0.12983810694579662,6
WP_005707354,M,L,lib15,15,-6.92186075186916,-0.9063150880961371,6
WP_005708598,M,L,lib15,34,-5.121770592182452,-1.5859805123294286,6
WP_005720293,L,L,lib15,19,0.0,0.0,6
WP_005722894,L,L,lib15,3,0.0,0.0,6
WP_005724625,L,L,lib15,1,-1.9999999999999993,-2.7025198163143327e-16,6
WP_005742812,L,L,lib15,146,-3.2404711931907153,-1.4933354410310065,6
WP_005752358,M,L,lib15,4,-7.083319451120587,-1.7415742640887928,6
WP_005758378,M,L,lib15,534,-6.324270721314871,-0.9229017747701828,6
WP_005765106,M,L,lib15,126,-6.530778634516685,-0.5999667701426643,6
WP_005773221,M,L,lib15,9,-3.3016280435039413,-1.814423029350186,6
WP_005781249,L,Q,lib15,3,1.454575493161775,0.25066099768714023,6
WP_005790642,L,L,lib15,24,-0.6937305739456355,-1.9600106836221376,6
WP_005796665,M,M,lib15,4,-1.283699749069035,-2.3158771009938035,6
WP_005797943,L,L,lib15,54,-1.1821503641305362,-1.7562793727690458,6
WP_005806818,L,L,lib15,34,0.0,0.0,6
WP_005808285,L,L,lib15,45,0.0,0.0,6
WP_005817400,L,L,lib15,35,-0.14677573879629138,-0.3232862218328136,6
WP_005823311,M,L,lib15,181,-6.148692758225049,-0.7943572407245464,6
WP_005827102,L,L,lib15,162,-1.692022045519759,-1.595916518981889,6
WP_005831629,M,L,lib15,235,0.19815682851127592,-1.5395898777460875,6
WP_005838503,L,L,lib15,137,-1.989452860829481,-2.5135596793822987,6
WP_005845866,L,L,lib15,287,-0.6582391427765427,-2.484565153442427,6
WP_005858889,L,M,lib15,26,-1.7557800986655632,-2.2887259101011206,6
WP_005878541,L,L,lib15,112,0.0,0.0,6
WP_005917048,I,M,lib15,217,0.4801203912104866,-0.22724399479685228,6
WP_005921080,L,L,lib15,4,0.6343562062206337,-0.7346167102638309,6
WP_005933374,L,L,lib15,69,-1.198500934416417,-2.359762919434679,6
WP_005935635,L,L,lib15,9,-0.3944605978341784,-2.3629101425577406,6
WP_005946395,L,M,lib15,50,-2.0669316480363777,-1.0110672361538449,6
WP_005956098,Q,L,lib15,22,0.6641482335155544,-0.5966611164300095,6
WP_005958646,M,L,lib15,8,0.0,0.0,6
WP_005998635,L,L,lib15,347,-0.9941302890560609,-2.175493624386119,6
WP_006015200,L,F,lib15,7,0.0,0.0,6
WP_006036807,I,M,lib15,135,-1.206734632855434,-2.3393148166320747,6
WP_006044971,M,L,lib15,27,-0.3722985306337598,-2.1553279006548927,6
WP_006052840,L,L,lib15,1,-7.333618746566314,-0.9530987754224968,6
WP_006060602,M,L,lib15,20,-1.151722073837709,-0.4760460267336971,6
WP_006074836,M,F,lib15,193,-1.1323643112978357,-0.3265443881682141,6
WP_006085830,M,L,lib15,2,-3.6605868621985302,-0.9623049404993642,6
WP_006145153,L,L,lib15,43,-2.388773543293027,-2.6329578148055046,6
WP_006148032,L,L,lib15,59,-1.9172857649342667,-2.670728694175868,6
WP_006151574,L,L,lib15,4,0.2999616303879007,-2.0024322985442176,6
WP_006154666,L,L,lib15,11,-1.5095463363526747,-2.3973315848281573,6
WP_006158942,L,L,lib15,8,-5.0326526951796104,-0.807696265281275,6
WP_006204934,L,L,lib15,62,-2.2709491688386834,-0.6886334525882231,6
WP_006234016,M,M,lib15,1,-0.7059701259545171,-1.7613676826181277,6
WP_006256429,L,L,lib15,126,-0.5050194650193379,-2.055908083970783,6
WP_006262857,L,F,lib15,217,-0.30086821748253445,-1.7755484650426905,6
WP_006266370,L,F,lib15,132,-0.9391172755780899,-2.0231103253143923,6
WP_006277558,I,G,lib15,5,0.0,0.0,6
WP_006279286,L,L,lib15,18,0.0,0.0,6
WP_006286039,M,M,lib15,84,0.0,0.0,6
WP_006318421,L,L,lib15,88,-6.283897647174555,-0.3857220940576171,6
WP_006352319,L,M,lib15,196,-0.05525243660276675,-0.2016733163360761,6
WP_006365071,I,M,lib15,146,-0.5091170824072573,-0.9532421045251065,6
WP_006371387,I,M,lib15,24,-0.05365419059908192,-0.19583966280507792,6
WP_006391408,L,L,lib15,1,-4.73835816578607,-2.2953779505491525,6
WP_006427068,L,M,lib15,447,-0.7069601110589404,-1.957499925744948,6
WP_006436433,I,M,lib15,1,0.08258902676978025,-0.10074312471593089,6
WP_006442028,L,M,lib15,1,-1.077775616474095,-2.5304084873061683,6
WP_006451480,L,L,lib15,44,-0.692733768864895,-2.23774012954034,6
WP_006460949,M,L,lib15,120,-1.6153751293698995,-2.5377698636751234,6
WP_006464375,L,L,lib15,21,-0.4392167771305573,-0.31184752312989816,6
WP_006487461,T,K,lib15,2,0.07844927706670889,-0.5941443953477872,6
WP_006493548,L,L,lib15,8,-6.903935184841161,-0.365379835290335,6
WP_006531276,L,L,lib15,110,-0.7321475677887066,-2.5236435165339253,6
WP_006565566,L,M,lib15,17,0.5205703750639264,-0.6904187155916963,6
WP_006574879,L,L,lib15,59,0.0,0.0,6
WP_006578126,L,L,lib15,54,-6.279306153915875,-1.0056443916386173,6
WP_006584844,L,L,lib15,91,-1.0270884127728714,-1.7786400825935296,6
WP_006590259,M,L,lib15,7,-0.49021306364686146,-0.3057769842638777,6
WP_006596310,M,L,lib15,119,0.5231738708532258,-1.4890600939798868,6
WP_006615032,I,M,lib15,1,0.0,0.0,6
WP_006636318,L,L,lib15,236,-3.6662042199239546,-1.264492317250842,6
WP_006659205,M,L,lib15,3,0.18799115175507772,-0.08362955920786087,6
WP_006681821,M,F,lib15,8,-0.35285548181867143,-1.3421673440071618,6
WP_006688837,L,L,lib15,16,0.0,0.0,6
WP_006689329,L,L,lib15,9,0.0,0.0,6
WP_006701206,L,L,lib15,1,-4.278651888448505,-1.811630151838027,6
WP_006702473,L,W,lib15,49,-0.8759695048384527,-1.6394432525762628,6
WP_006705009,M,L,lib15,3,-3.360510788463795,0.1353834817595694,6
WP_006709593,M,L,lib15,20,0.0,0.0,6
WP_006711975,M,F,lib15,19,-3.9763572645468055,-1.963445284376005,6
WP_006716908,M,L,lib15,42,-6.252423594208433,-0.27837775337333764,6
WP_006722715,M,M,lib15,35,-0.6689901962138991,-1.3848128411547251,6
WP_006731693,L,L,lib15,188,-1.1729916206599753,-0.2842995129645303,6
WP_006732882,L,L,lib15,70,0.0,0.0,6
WP_006735633,L,L,lib15,6,0.0,0.0,6
WP_006743443,L,L,lib15,52,-0.1337244586284928,-0.21556064969924854,6
WP_006748036,L,L,lib15,13,0.0,0.0,6
WP_006770119,M,L,lib15,18,-0.508207065395236,-0.5537010101969111,6
WP_006784524,L,L,lib15,371,-3.5143574608417567,-2.114350561422018,6
WP_006790109,L,L,lib15,77,0.0,0.0,6
WP_006794536,M,L,lib15,122,-3.8898241592158183,-1.3911512549201779,6
WP_006806603,L,L,lib15,39,-3.1408557915116377,-1.5966562625904013,6
WP_006810145,M,L,lib15,17,0.0,0.0,6
WP_006814098,M,L,lib15,24,-6.385044052252978,-0.37337730390928714,6
WP_006817099,M,L,lib15,57,-2.6939821709163394,-0.06800248391940125,6
WP_006831505,L,L,lib15,79,-4.725069980956452,-0.593116098710681,6
WP_006841094,M,L,lib15,1,0.0,0.0,6
WP_006866478,I,M,lib15,20,0.0,0.0,6
WP_006879870,M,F,lib15,4,0.0,0.0,6
WP_006891260,M,L,lib15,158,-2.1453784892943237,-2.142718622620012,6
WP_006896237,I,M,lib15,5,0.40672669210759155,-0.14725364959996026,6
WP_006907657,L,L,lib15,271,-4.23035971273093,-1.8942783801400822,6
WP_006915947,L,L,lib15,47,-1.341657657063582,-0.882404667247553,6
WP_006923903,M,L,lib15,65,0.0,0.0,6
WP_006933252,I,M,lib15,1,1.7622423641170464,0.8423547278746817,6
WP_006935896,M,L,lib15,50,0.0,0.0,6
WP_006940983,L,L,lib15,158,0.0,0.0,6
WP_006946351,M,F,lib15,9,0.0,0.0,6
WP_006948792,L,L,lib15,81,-0.69227790018188,-2.3132119122226045,6
WP_006956699,M,L,lib15,10,0.27613747148298434,-1.0193365769870337,6
WP_006988228,L,F,lib15,81,-0.6307834411196346,-1.7009228307027717,6
WP_006995561,M,L,lib15,105,-6.215129116160661,-1.3835587244708922,6
WP_007007746,L,L,lib15,8,-0.2881372598790452,-1.779794836396408,6
WP_007021382,L,L,lib15,302,-4.649204696231557,-0.5626629522774879,6
WP_007070428,L,L,lib15,108,-0.32859019898744823,-0.4189107736974804,6
WP_007084769,L,L,lib15,164,-3.411805221637073,-0.20539750723483696,6
WP_007106867,M,L,lib15,1,-3.1699250014423117,0.0,6
WP_007115148,L,L,lib15,6,-1.8455224306716524,-0.06808149784329863,6
WP_007119291,I,L,lib15,23,-2.3663086808586145,-1.3920895226108148,6
WP_007121618,L,L,lib15,6,-1.4903552674491234,-1.3157462548328274,6
WP_007123245,L,L,lib15,13,0.0,0.0,6
WP_007125473,L,L,lib15,216,-0.02163502808922083,-0.7255985713763482,6
WP_007130009,M,L,lib15,103,-2.6708508511815197,-2.4478594365228625,6
WP_007134290,L,M,lib15,48,0.0,0.0,6
WP_007137258,L,F,lib15,176,0.23935864462447953,0.1839454363644411,6
WP_007144234,L,L,lib15,9,-2.415944435103531,-1.9776690262386305,6
WP_007155760,M,Q,lib15,65,1.3976258055395419,1.849055282655582,6
WP_007165628,L,L,lib15,2,-0.47496208211747915,-0.45676887199012667,6
WP_007173507,L,M,lib15,5,-1.002062191826805,-0.48638763999693074,6
WP_007190543,I,L,lib15,95,-0.05365419059908192,-0.19583966280507792,6
WP_007200682,L,L,lib15,86,-3.884743913857054,-0.5401269502672367,6
WP_007231246,L,L,lib15,46,-1.597544042763598,-2.4669956910607853,6
WP_007262186,I,M,lib15,5,-1.0663964656597003,-1.4997141255029995,6
WP_007277186,L,L,lib15,20,-2.470871516222264,-2.293337787628592,6
WP_007302111,L,F,lib15,2,-1.403677461028802,-1.3512599081571664e-16,6
WP_007321376,I,M,lib15,2,-1.4417837731367726,-0.24631869952120594,6
WP_007347806,M,L,lib15,19,0.0,0.0,6
WP_007378735,M,L,lib15,29,-2.028001324103908,-0.6349361270968068,6
WP_007392289,L,L,lib15,2,-2.1580211224670856,-0.7185650166129361,6
WP_007409527,L,L,lib15,20,0.0,0.0,6
WP_007416017,I,F,lib15,164,-0.8050947558883378,-2.0083428302729756,6
WP_007420749,M,L,lib15,6,-0.6571029980118869,-2.3715303165257446,6
WP_007470712,L,M,lib15,3,0.0,0.0,6
WP_007476896,M,L,lib15,142,0.0,0.0,6
WP_007478890,L,L,lib15,58,0.0,0.0,6
WP_007484265,L,L,lib15,31,-0.022826501925916894,-2.023128373117453,6
WP_007500805,M,L,lib15,173,-5.056165846629985,-0.6288212362787121,6
WP_007517024,L,L,lib15,14,-2.1241814274351083,-2.7704319183581765,6
WP_007529506,I,T,lib15,4,-0.4954043391793458,-0.4077290229259063,6
WP_007546669,M,L,lib15,142,-4.8902006485224225,-1.5758144583669074,6
WP_007548842,L,L,lib15,12,0.0,0.0,6
WP_007554702,L,L,lib15,134,0.0,0.0,6
WP_007563269,L,L,lib15,68,-2.1211254402164528,-2.1787600689716924,6
WP_007586084,M,L,lib15,1,-0.9999999999999997,-1.3512599081571664e-16,6
WP_007592680,L,M,lib15,384,-1.503542344736681,-1.1317100826188944,6
WP_007613357,M,M,lib15,1,0.0,0.0,6
WP_007630205,M,L,lib15,1,0.0,0.0,6
WP_007631135,M,L,lib15,22,1.4548541324218414,1.5253907364259747,6
WP_007639786,L,L,lib15,343,-4.919522621042986,-1.4576515989028946,6
WP_007642986,M,L,lib15,50,0.0,0.0,6
WP_007653822,L,L,lib15,54,-1.27283132246603,-0.592475188529544,6
WP_007654866,L,M,lib15,23,1.8434971412304841,1.7726928917113134,6
WP_007667931,L,L,lib15,8,-1.171056233392287,-2.2457476835452717,6
WP_007670537,M,M,lib15,12,-0.40783341713283133,-1.1869307705913312,6
WP_007707310,L,L,lib15,1,-2.3717217157832744,-2.8226586552527695,6
WP_007728707,M,L,lib15,3,-0.5890084852825623,-1.684194253761238,6
WP_007745442,L,L,lib15,6,-4.958112729848205,-0.031969372459941234,6
WP_007746482,L,L,lib15,196,0.0,0.0,6
WP_007751622,L,L,lib15,46,0.3832455101354063,-1.2888344952146478,6
WP_007766775,L,L,lib15,117,-0.21554024426086787,-2.0056311337832664,6
WP_007788671,M,L,lib15,213,-2.7798855509537876,-2.5127953756796155,6
WP_007802196,M,L,lib15,22,-0.4111467083849368,-0.2976890341703244,6
WP_007817825,M,L,lib15,6,1.2136754534832286,0.16610364134577082,6
WP_007836218,L,L,lib15,20,-0.5549111540281427,-2.3997202903041934,6
WP_007865258,I,M,lib15,3,1.8244046773757945,1.7943503337042117,6
WP_007868929,V,Q,lib15,8,0.0781819164672368,-0.056407353531708226,6
WP_007868932,L,M,lib15,285,-2.3121532127317166,-1.6501552501514352,6
WP_007876263,L,L,lib15,47,-0.07442638607668811,-0.18659896431818862,6
WP_007884968,M,L,lib15,55,-0.7458280253872653,-0.32058542925196026,6
WP_007894152,L,L,lib15,21,-2.5834902679215497,-2.7049692412279955,6
WP_007939306,M,F,lib15,4,-1.823600371727636,-1.9358486810048399,6
WP_007960209,L,M,lib15,2,0.5638338982233526,-0.3350550183245217,6
WP_007972129,L,L,lib15,70,0.31531156768059887,-1.3145368465569491,6
WP_007976376,M,L,lib15,31,0.0,0.0,6
WP_007994849,M,V,lib15,11,0.0,0.0,6
WP_008007361,M,F,lib15,1,-0.6842369726486652,-2.486136087091139,6
WP_008024774,L,L,lib15,7,-0.27648323284088133,-2.1380593149043112,6
WP_008033914,L,L,lib15,94,0.0,0.0,6
WP_008039364,M,L,lib15,25,-2.6925439382698078,-0.8110592303429256,6
WP_008044785,L,L,lib15,249,-1.887239217435484,-2.1846317758375977,6
WP_008073041,M,F,lib15,50,-3.0362742445532698,-2.0075593570279415,6
WP_008088788,L,L,lib15,1,-1.2198461450971716,-2.3389641176478313,6
WP_008106982,L,L,lib15,110,-1.84240795072509,-1.9791723350642059,6
WP_008112253,L,L,lib15,9,-5.358050016043556,-0.8624501591696446,6
WP_008114966,M,L,lib15,2,-0.5133414872840726,-0.39492005630633087,6
WP_008125961,L,L,lib15,18,-1.793883686409103,-1.419697809891332,6
WP_008136828,M,L,lib15,123,-3.9975005462933435,-1.4887618835797323,6
WP_008152545,L,M,lib15,40,0.9284385193395349,-0.08308772791477845,6
WP_008170691,M,L,lib15,142,-3.345835141947385,-1.3498147819932436,6
WP_008174809,M,L,lib15,84,-4.4523853381231095,-0.7939882560849069,6
WP_008176466,L,L,lib15,274,-3.2445781302703627,-1.3215059153837576,6
WP_008209042,I,M,lib15,199,-1.0966090431253073,-2.127368534594691,6
WP_008214701,L,M,lib15,1,0.0,0.0,6
WP_008220019,M,F,lib15,1,-1.7337719240561802,-2.595612362567158,6
WP_008237079,L,F,lib15,28,0.9559529259516008,-0.26880684115131404,6
WP_008244029,L,L,lib15,133,-5.903375364464799,-1.496721223764801,6
WP_008254783,L,F,lib15,237,-0.7274241112774392,-2.3663409582027755,6
WP_008258621,I,L,lib15,6,-0.2613958403348006,-0.09343628876109628,6
WP_008291052,L,L,lib15,215,0.0,0.0,6
WP_008302089,M,L,lib15,5,-4.017587221870316,-1.9339347260492146,6
WP_008312029,I,L,lib15,4,0.0,0.0,6
WP_008315462,L,L,lib15,3,-4.066273189456248,-1.555509493505322,6
WP_008331172,L,L,lib15,44,0.0,0.0,6
WP_008342320,L,L,lib15,36,-5.417486292685605,-0.316659390156763,6
WP_008358135,M,L,lib15,446,-1.938843455109608,-0.1624169927105181,6
WP_008369618,L,M,lib15,99,1.0300560171700883,0.0017996182882290782,6
WP_008379636,L,L,lib15,18,0.0,0.0,6
WP_008382221,I,M,lib15,1,-1.475337976724816,-1.3658305834215074,6
WP_008390643,L,M,lib15,141,0.7572335282809217,-0.14135574452530358,6
WP_008407301,L,L,lib15,32,0.0,0.0,6
WP_008431876,L,L,lib15,62,-5.360785119902314,-0.9978001809573943,6
WP_008448096,L,L,lib15,4,-4.7851710283584845,-2.3073813915544568,6
WP_008449220,L,L,lib15,3,0.26961406806264954,-1.125826257202402,6
WP_008463741,L,L,lib15,93,-2.5494023308698455,-1.1970799123271163,6
WP_008466551,L,F,lib15,48,-0.720697665264068,-1.8591039723931628,6
WP_008469667,I,L,lib15,74,0.0,0.0,6
WP_008474252,L,L,lib15,70,-0.9334469274101714,-1.126814996395198,6
WP_008483752,M,L,lib15,1,-1.2037959784089352,-0.8411179576598167,6
WP_008487653,M,L,lib15,55,-1.3910315505016653,-2.21616982832239,6
WP_008494113,I,L,lib15,44,0.0,0.0,6
WP_008502023,M,L,lib15,125,0.0,0.0,6
WP_008504132,L,L,lib15,215,-0.49198434917368333,-1.8092595806250151,6
WP_008506181,M,L,lib15,10,-0.7412673713103631,-2.463024088814367,6
WP_008518086,M,L,lib15,3,-1.2606996853804926,-2.493110505618634,6
WP_008540659,M,F,lib15,2,-0.37334959880201607,-0.04059951994679469,6
WP_008556995,I,L,lib15,10,-2.666190317947068,-2.613194757087047,6
WP_008561836,I,L,lib15,2,-1.7744026346232575,-0.2743484534181825,6
WP_008565025,L,L,lib15,1,0.0,0.0,6
WP_008578924,L,K,lib15,56,1.7493184889455213,1.5632477035254768,6
WP_008583481,L,M,lib15,26,0.0,0.0,6
WP_008587588,L,F,lib15,52,-0.4934444303692134,-1.3870668733330171,6
WP_008593045,L,L,lib15,1,0.0,0.0,6
WP_008602629,L,L,lib15,1,-1.6486088751846775,-2.2050647880799485,6
WP_008618654,L,L,lib15,76,-0.7324303813343893,-0.5513745141667384,6
WP_008620392,L,L,lib15,20,-3.2066224639592615,-0.21268585870237633,6
WP_008629866,L,L,lib15,39,0.19050495128843578,-1.4631466991983937,6
WP_008640485,L,F,lib15,150,0.0,0.0,6
WP_008649934,L,L,lib15,261,-4.077114526230649,-0.3375720207272639,6
WP_008664019,L,L,lib15,288,-1.3153700057406579,-2.3882116511383287,6
WP_008667771,L,L,lib15,3,0.9014841265163503,-0.41538781339459824,6
WP_008676002,L,L,lib15,2,-2.8458498307881284,-2.2680685342527354,6
WP_008678172,M,L,lib15,22,0.0,0.0,6
WP_008688576,M,L,lib15,48,0.0,0.0,6
WP_008715045,L,L,lib15,109,0.0,0.0,6
WP_008721873,G,Q,lib15,9,-0.6579913327151786,-0.573523421123768,6
WP_008724800,M,M,lib15,154,0.0,0.0,6
WP_008736147,L,L,lib15,2,-2.041207916001021,-0.38319313319807785,6
WP_008754633,L,K,lib15,38,0.0,0.0,6
WP_008761062,L,L,lib15,139,-0.2532093185477903,-2.2079158144814177,6
WP_008788229,M,L,lib15,26,0.0,0.0,6
WP_008808665,L,L,lib15,94,-2.6898279254292676,-2.0575707132219163,6
WP_008811335,L,L,lib15,27,-4.474298305383091,-1.8358646747735379,6
WP_008817290,M,L,lib15,45,0.0,0.0,6
WP_008823150,M,L,lib15,221,-1.7254094865362681,-1.0200195361809736,6
WP_008826323,M,L,lib15,382,-2.79511616863309,-2.4744250726736907,6
WP_008856751,L,M,lib15,10,0.0,0.0,6
WP_008862820,L,L,lib15,192,-2.1049376215466586,-2.3712078190865045,6
WP_008865277,L,L,lib15,52,-0.08389656034216438,-1.5275038423808607,6
WP_008867440,L,F,lib15,52,0.04473442255865878,-1.5864468430031888,6
WP_008876590,L,L,lib15,4,-0.49999999999999983,-6.756299540785832e-17,6
WP_008880180,L,L,lib15,54,0.0,0.0,6
WP_008912732,M,L,lib15,16,-4.291118973441529,-0.8249679478136536,6
WP_008914812,M,L,lib15,33,-3.0574047844097327,-1.1128965189481976,6
WP_008923989,L,L,lib15,59,-3.387772195520646,-0.37375396547656564,6
WP_008925559,M,L,lib15,40,-5.875204446660068,-0.43637394542057,6
WP_008927974,L,L,lib15,25,0.0,0.0,6
WP_008951012,M,L,lib15,1,-1.5849625007211559,0.0,6
WP_008960817,I,M,lib15,2,0.6095897492407701,-0.29291872672686603,6
WP_008974514,I,M,lib15,16,0.3529095767296617,-0.4765871120279083,6
WP_008976421,L,M,lib15,610,-0.40694181279676905,-1.8343153644888275,6
WP_008978325,M,L,lib15,10,0.0,0.0,6
WP_008979999,Q,L,lib15,110,1.38434522542961,1.290625336192258,6
WP_008985437,M,L,lib15,105,0.0,0.0,6
WP_008989833,M,F,lib15,143,-2.733367026952313,-2.524216255134461,6
WP_008990832,L,F,lib15,163,1.6267087801188251,1.2399347003435064,6
WP_008996563,L,L,lib15,1,1.1368183450156175,0.4401319384118816,6
WP_009002429,L,M,lib15,310,-0.4664867802977,-1.361472261629537,6
WP_009010779,M,L,lib15,10,0.0,0.0,6
WP_009033339,L,L,lib15,187,-3.8250803401614917,-1.0721126708613877,6
WP_009092971,L,L,lib15,2,-2.0585996566358955,-2.3449942251308205,6
WP_009105121,M,L,lib15,14,0.0,0.0,6
WP_009118526,M,F,lib15,1,-1.9418180396834492,-2.941567624144563,6
WP_009123203,L,L,lib15,3,-1.8049616078961486,-0.5627616730918343,6
WP_009124418,L,L,lib15,190,-0.16414192552673912,-2.039194068257159,6
WP_009130728,L,L,lib15,34,-0.7144719751433114,-2.4705960277679027,6
WP_009133007,L,L,lib15,19,-2.3079355366511005,-1.7922302518796365,6
WP_009142267,I,L,lib15,213,0.0,0.0,6
WP_009161670,L,L,lib15,91,-1.227193831541331,-2.830815388261297,6
WP_009175149,M,F,lib15,168,-0.6988941467342282,-2.0326205082787534,6
WP_009193507,L,L,lib15,47,-1.440635745921569,-1.827731076044274,6
WP_009226174,L,L,lib15,25,-5.404997836454165,-0.4556857817363819,6
WP_009235572,L,L,lib15,1,-0.24237433116266388,-2.2247442249112317,6
WP_009244499,L,M,lib15,329,-3.538193407091624,-1.4990193650619716,6
WP_009248612,L,M,lib15,60,0.0,0.0,6
WP_009248943,I,Q,lib15,5,1.3227624088554684,1.7143142361247419,6
WP_009262904,L,M,lib15,237,-0.5941146593343105,-1.9355070175145317,6
WP_009268572,L,M,lib15,260,-0.9091577078173645,-2.110026376820703,6
WP_009272085,M,L,lib15,5,-0.2557047834742754,-0.6738783981830304,6
WP_009279100,L,M,lib15,10,-0.6439347212176249,-1.6573348314976526,6
WP_009292628,L,L,lib15,9,-1.1007327439609502,-1.418946608529275,6
WP_009317804,L,L,lib15,118,-3.0272967884405197,-1.6329781252357591,6
WP_009320990,L,M,lib15,105,-1.8216113751303449,-1.7303859380530258,6
WP_009332621,L,L,lib15,6,-0.38396836019327585,0.08774559173844629,6
WP_009347368,L,L,lib15,3,0.014629385860614281,-1.9854071175629193,6
WP_009361210,L,L,lib15,9,-4.049562415691862,-0.19214986792031083,6
WP_009369949,L,L,lib15,2,-0.49999999999999983,-6.756299540785832e-17,6
WP_009372837,L,M,lib15,42,-0.5405488898426213,-1.6341418772420218,6
WP_009390512,L,F,lib15,30,-0.43728710003073507,-1.0563669706816095,6
WP_009412440,L,F,lib15,63,-1.0516214539329631,-1.8891653343649586,6
WP_009416511,L,F,lib15,25,-0.07118784017111816,-1.4795171662077988,6
WP_009417176,L,F,lib15,76,-1.5127261800916898,-2.4746142403554208,6
WP_009418917,L,F,lib15,46,-2.2256854259842243,-1.161904187904599,6
WP_009420864,L,F,lib15,4,-1.7360766253444249,-1.3770199121882296,6
WP_009435065,M,L,lib15,49,-2.203241924996625,-1.6665470219230438,6
WP_009437540,L,L,lib15,87,-1.3267903985503031,-2.529662385495,6
WP_009443405,L,L,lib15,35,-1.7876901963691505,-2.8053029619441876,6
WP_009460545,L,M,lib15,312,-1.2865244858632943,-2.059524697512426,6
WP_009461124,L,L,lib15,45,-3.55827869296359,-2.2986542852398038,6
WP_009496614,M,L,lib15,10,-1.7429079298849526,-2.3052059073323115,6
WP_009500922,M,L,lib15,16,-6.375836215286802,-0.8018289594647419,6
WP_009517718,L,M,lib15,1,-2.5097092857664185,-2.3864580029489595,6
WP_009524713,M,L,lib15,131,0.0,0.0,6
WP_009526511,M,L,lib15,46,0.0,0.0,6
WP_009532045,L,Q,lib15,29,0.0,0.0,6
WP_009541956,M,L,lib15,6,-4.66064146040934,-0.7574077280593727,6
WP_009554477,L,L,lib15,53,0.0,0.0,6
WP_009558471,L,L,lib15,108,-2.069547000681115,-0.8661805302729563,6
WP_009570978,I,L,lib15,7,-3.830761687276186,-0.28885930762188045,6
WP_009586372,L,L,lib15,103,-0.9419118347512552,-2.408863901494386,6
WP_009589199,M,M,lib15,87,-1.1127969105413291,-2.201406559926292,6
WP_009602063,M,F,lib15,15,-2.2692103338436773,-1.794989709244435,6
WP_009634727,M,L,lib15,3,0.0,0.0,6
WP_009641684,L,F,lib15,45,-0.88544227499439,-2.0711951385042466,6
WP_009660318,M,L,lib15,6,0.8630688676708713,-1.1302536812620467,6
WP_009664131,L,M,lib15,79,-1.5392365327641915,-1.2475243683671338,6
WP_009665891,M,L,lib15,38,-2.099766881679937,-0.5578552531765214,6
WP_009669573,L,L,lib15,45,-4.155105894260694,-2.244284866708854,6
WP_009677188,L,L,lib15,111,-3.2668874110552943,-1.8081396302447124,6
WP_009707799,M,F,lib15,43,-1.310744656579007,-0.5239482887977566,6
WP_009725265,L,L,lib15,14,-4.727365205584649,-1.5169440886417704,6
WP_009731090,M,L,lib15,11,-0.6547255556686722,-2.5774727590004476,6
WP_009746425,L,F,lib15,118,1.3228930460634332,0.6696058531705256,6
WP_009764089,L,L,lib15,1,0.8914231843057407,-1.3688205288070627,6
WP_009778768,L,F,lib15,482,1.3343755943428124,0.6164588485574919,6
WP_009795644,L,L,lib15,23,-3.296876701506525,-1.3173441643753208,6
WP_009808745,I,L,lib15,6,-0.7141212823601131,-0.4831448318148513,6
WP_009836180,L,L,lib15,27,0.0,0.0,6
WP_009838338,M,L,lib15,12,0.0,0.0,6
WP_009843318,M,F,lib15,259,-2.6505365362617663,-2.379482160248451,6
WP_009847829,M,F,lib15,47,0.0,0.0,6
WP_009850000,L,M,lib15,49,-4.511276525844508,-2.0408625449521076,6
WP_009852714,L,L,lib15,1,-0.8763271020712106,-0.3152428477346195,6
WP_009873944,L,L,lib15,85,0.0,0.0,6
WP_009885765,L,L,lib15,36,0.0,0.0,6
WP_009887849,L,M,lib15,87,-0.4818204545834761,-0.972285528612596,6
WP_010019881,L,M,lib15,39,0.0,0.0,6
WP_010021426,L,M,lib15,69,0.0,0.0,6
WP_010025427,L,L,lib15,49,-1.1672254469749512,-0.3013924797281089,6
WP_010073895,L,L,lib15,207,-1.3255250217839534,-2.496849364608222,6
WP_010075211,I,Q,lib15,22,1.6808081631401874,1.9777854942837292,6
WP_010091783,L,L,lib15,20,-3.0274673285257148,-0.11266395998638588,6
WP_010171979,M,L,lib15,159,0.0,0.0,6
WP_010222158,M,F,lib15,23,-1.083057726683191,-2.3808712816751587,6
WP_010231888,L,L,lib15,1,0.28012342080027786,0.09686380336980298,6
WP_010253752,M,L,lib15,19,-2.581140778432359,-0.18156699887067976,6
WP_010299774,M,L,lib15,3,-1.3400550534038127,-0.21052575439672977,6
WP_010343017,M,L,lib15,20,0.0,0.0,6
WP_010359207,M,F,lib15,5,0.2123629480936929,-1.1938878995049012,6
WP_010361519,M,L,lib15,5,-0.7144423358802569,-0.2060265703571137,6
WP_010371780,I,M,lib15,34,0.6584898631871166,-0.44772169915568333,6
WP_010381642,L,L,lib15,5,-1.4209822448114506,-1.9911101752387819,6
WP_010434435,M,F,lib15,2,-0.9527100296262537,-0.17682898728035967,6
WP_010488407,L,L,lib15,28,0.0,0.0,6
WP_010495720,L,M,lib15,143,0.0,0.0,6
WP_010560929,M,L,lib15,44,-0.02682709529954096,-0.09791983140253896,6
WP_010579960,L,L,lib15,1,0.0,0.0,6
WP_010593052,I,M,lib15,4,0.0,0.0,6
WP_010616645,M,L,lib15,1,-0.9999999999999997,-1.3512599081571664e-16,6
WP_010619785,L,M,lib15,304,-0.615631497958104,-0.6235299431056246,6
WP_010622194,L,M,lib15,66,-0.4990689614327904,-0.6002732626661342,6
WP_010623466,L,M,lib15,146,0.0,0.0,6
WP_010654849,L,L,lib15,1,-8.624278488470964,-0.6704069224033311,6
WP_010687746,L,L,lib15,2,-1.0056582304153296,-2.4179261132610943,6
WP_010689012,L,L,lib15,152,0.0,0.0,6
WP_010701388,M,L,lib15,1,0.0,0.0,6
WP_010702643,M,L,lib15,52,0.0,0.0,6
WP_010705407,M,L,lib15,8,0.0,0.0,6
WP_010724248,L,M,lib15,83,0.0,0.0,6
WP_010732391,L,M,lib15,50,0.0,0.0,6
WP_010735128,L,M,lib15,144,0.0,0.0,6
WP_010737369,L,L,lib15,75,0.0,0.0,6
WP_010737807,L,M,lib15,21,0.0,0.0,6
WP_010751257,L,L,lib15,2,-1.2896055487580578,0.05785377588597082,6
WP_010752163,L,M,lib15,9,0.0,0.0,6
WP_010753941,L,L,lib15,110,-1.7889540186840274,-0.9163247063042506,6
WP_010759385,L,L,lib15,15,-3.214020622816752,-2.4064357248819435,6
WP_010761388,L,L,lib15,54,-3.690676242051063,-1.6392662865263044,6
WP_010764955,L,L,lib15,3,-0.6570741874929676,-0.7137162558527794,6
WP_010768697,L,L,lib15,9,-2.0865158007378737,-0.6431863305395213,6
WP_010780948,L,L,lib15,32,-4.24351149280687,-1.1599041947483668,6
WP_010813610,L,L,lib15,3,-0.9942007180237076,0.007936922731833771,6
WP_010847812,M,L,lib15,3,-2.4657017548541527,-0.3100496590501205,6
WP_010850622,M,L,lib15,5,-3.4662398672205597,-2.3653717503832383,6
WP_010859233,M,L,lib15,2,-3.424710735206991,-0.9945215649362141,6
WP_010899586,L,L,lib15,4,-5.247521267324869,-0.5120151527126059,6
WP_010907398,M,L,lib15,1,-6.121390109995574,-1.2483369005654688,6
WP_010925968,L,L,lib15,2,0.0,0.0,6
WP_010934590,M,L,lib15,51,0.0,0.0,6
WP_010945031,M,L,lib15,201,0.0,0.0,6
WP_010946061,L,L,lib15,1,-4.295322164608439,-2.0089370695887903,6
WP_010962904,L,L,lib15,31,0.0,0.0,6
WP_010976722,M,F,lib15,13,0.0,0.0,6
WP_011000898,L,L,lib15,55,-5.614398877558065,-0.7452035434311678,6
WP_011006950,L,I,lib15,27,0.0,0.0,6
WP_011009589,M,L,lib15,146,-0.8344497098069359,-1.7572964188672708,6
WP_011053671,I,L,lib15,133,0.0,0.0,6
WP_011066139,L,L,lib15,12,-0.3106603938415236,-0.03929000566468901,6
WP_011069826,I,I,lib15,36,0.0,0.0,6
WP_011077508,L,L,lib15,127,0.0,0.0,6
WP_011091268,I,L,lib15,14,0.0,0.0,6
WP_011095362,M,L,lib15,48,0.0,0.0,6
WP_011144983,M,L,lib15,70,0.0,0.0,6
WP_011160668,L,L,lib15,111,0.0,0.0,6
WP_011162224,L,L,lib15,63,0.0,0.0,6
WP_011165586,L,M,lib15,24,0.18310941647119292,-0.9597019570203784,6
WP_011180948,M,L,lib15,10,-0.8430836129550603,-0.635310974691768,6
WP_011183282,L,M,lib15,5,0.2654972743950161,-1.1041630058372185,6
WP_011184412,L,L,lib15,17,-2.846520916189521,-1.9588542152741901,6
WP_011201021,M,L,lib15,70,-6.893683825963194,-0.6934581689103229,6
WP_011213001,L,L,lib15,84,-4.177565651841915,-1.7097259346288274,6
WP_011231267,L,L,lib15,156,-2.6190038556022457,-0.07760501070854661,6
WP_011233739,M,L,lib15,53,-1.9745361740275194,-1.339538850349528,6
WP_011238316,L,L,lib15,65,-4.748310337706097,-0.1564052782328388,6
WP_011242231,L,L,lib15,38,-3.218379025246606,-2.0951070830904928,6
WP_011260171,L,L,lib15,151,-0.7438375059320773,-0.8875167151056733,6
WP_011264555,M,F,lib15,252,-0.5702005712128307,-1.764506244209611,6
WP_011272274,M,L,lib15,104,-6.837418756116691,-0.3943590703293477,6
WP_011275775,L,L,lib15,267,-3.3169948123338786,-2.0833741618171713,6
WP_011282675,I,I,lib15,91,0.0,0.0,6
WP_011283540,M,F,lib15,20,-0.7136612709384612,-1.6554202672722338,6
WP_011285487,L,L,lib15,91,-1.8357628427530281,-1.30388903536288,6
WP_011286345,L,M,lib15,48,-2.83453442197962,-2.520779372844779,6
WP_011297098,L,L,lib15,48,-2.5053866810009207,-0.21245780678980633,6
WP_011303097,L,L,lib15,19,-4.67460992075321,-1.5118724904008498,6
WP_011312551,L,L,lib15,8,-4.039825675554486,-0.6480012898831045,6
WP_011346477,L,L,lib15,15,0.2282446131155715,-1.2482681701447167,6
WP_011351369,L,L,lib15,2,-3.792188283597651,-0.1474564109106117,6
WP_011399565,L,L,lib15,42,-4.586797222968258,-1.8966613534612933,6
WP_011410284,M,L,lib15,20,-2.994001400128894,-0.3570720057663359,6
WP_011412710,L,L,lib15,30,0.0,0.0,6
WP_011465262,L,L,lib15,3,-0.6343430222352168,-0.2390273314176127,6
WP_011466839,L,L,lib15,9,-2.6975021633031457,-0.40415340099248825,6
WP_011476729,M,F,lib15,1,0.3522216325694693,0.05418444186598033,6
WP_011479279,L,L,lib15,1,-2.2019738983464383,-2.5284762056605476,6
WP_011482754,M,M,lib15,32,-0.5740453365735549,-2.018588870766218,6
WP_011489445,L,L,lib15,10,-6.474646483986687,-1.278658411333576,6
WP_011491397,I,Q,lib15,1,-0.9999999999999997,-1.3512599081571664e-16,6
WP_011497349,M,L,lib15,104,-3.4457229659578865,-1.2283604210950216,6
WP_011517149,L,L,lib15,288,-3.787794616150568,-0.34087648528839687,6
WP_011520723,M,L,lib15,17,-0.25767837276077155,-0.35617090214712577,6
WP_011528516,L,L,lib15,15,-1.7183053639903934,-2.4215802752164985,6
WP_011542644,M,L,lib15,5,-0.6719981504381441,-0.6923294939258853,6
WP_011555894,L,L,lib15,16,-0.867451208143169,-0.8735007415380304,6
WP_011568103,I,L,lib15,21,0.0,0.0,6
WP_011571118,L,K,lib15,3,0.015173489287320815,-1.218371895850458,6
WP_011576454,M,L,lib15,206,0.0,0.0,6
WP_011581087,L,L,lib15,39,-1.0257999097118597,-1.526970790436767,6
WP_011584955,L,L,lib15,20,-4.8559124016172195,-2.060388347361726,6
WP_011608342,M,L,lib15,72,-6.181719152341662,-1.3194561142557737,6
WP_011627026,M,L,lib15,78,-4.432552299647558,-0.6154027938956022,6
WP_011628173,L,L,lib15,20,0.6752386260586919,-0.8000933391801873,6
WP_011643962,L,L,lib15,5,0.3944737305640426,-1.5415085320711694,6
WP_011645493,L,M,lib15,15,0.8255044338629322,-0.18134844195365396,6
WP_011663604,M,L,lib15,2,-0.44524786435458147,-1.396332202865695,6
WP_011667559,L,M,lib15,66,0.0,0.0,6
WP_011673473,I,M,lib15,361,0.35227987204823547,-0.6991994781245179,6
WP_011679544,I,L,lib15,311,-0.015814602789828044,-1.5317952594515185,6
