aa20,aa28,count,beta0_q25,beta0_q50,beta0_q75,beta1_q25,beta1_q50,beta1_q75
G,Q,1,-0.6579913327151786,-0.6579913327151786,-0.6579913327151786,-0.573523421123768,-0.573523421123768,-0.573523421123768
I,F,5,-0.4767709889606373,0.0,0.0989208301735015,-1.9684140319470884,-1.0518040368294648,0.0
I,G,1,0.0,0.0,0.0,0.0,0.0,0.0
I,I,2,0.0,0.0,0.0,0.0,0.0,0.0
I,K,1,0.0,0.0,0.0,0.0,0.0,0.0
I,L,25,-0.9073045329817176,-0.0536541905990819,0.0,-0.4831448318148513,-0.1958396628050779,0.0
I,M,33,-0.5091170824072573,0.0,0.4067266921075915,-0.9532421045251064,-0.1958396628050779,0.0
I,Q,7,0.0649160336381117,1.3227624088554684,1.6860414385517764,-6.756299540785832e-17,0.3000035945099692,1.8355437603505576
I,T,1,-0.4954043391793458,-0.4954043391793458,-0.4954043391793458,-0.4077290229259063,-0.4077290229259063,-0.4077290229259063
L,F,23,-0.9122797752862399,-0.437287100030735,0.1420465335915691,-1.8173262187179267,-1.3854628432032352,-6.756299540785832e-17
L,I,1,0.0,0.0,0.0,0.0,0.0,0.0
L,K,7,0.0,0.0,0.0075867446436604,-0.2967308635542249,0.0,0.0
L,L,480,-2.6859897678279614,-1.1691408401836192,0.0,-2.0411564320815914,-1.049888894887549,-0.11292336921371825
L,M,73,-1.503542344736681,-0.406941812796769,0.0,-1.8343153644888277,-0.9597019570203784,0.0
L,Q,4,-0.11950533003835875,0.0,0.36364387329044373,-0.39817138946387876,0.0,0.06266524942178504
L,W,1,-0.8759695048384527,-0.8759695048384527,-0.8759695048384527,-1.6394432525762628,-1.6394432525762628,-1.6394432525762628
M,F,60,-2.490474976125039,-0.991764031706922,0.0,-2.2660652261552237,-1.6900461889804466,-0.29415714559491574
M,L,210,-3.2262814329753358,-0.6761992958933187,0.0,-1.4516267311753468,-0.5557781316867163,0.0
M,M,14,-0.6967251435193627,-0.4909393768531931,0.0,-1.9542835737291955,-1.285871805873028,-0.07725023922519073
M,Q,3,0.569625459108538,1.15911782298972,1.2783718142646312,0.4401643643942518,0.952843622559388,1.400949452607485
M,V,1,0.0,0.0,0.0,0.0,0.0,0.0
P,R,2,0.0,0.0,0.0,0.0,0.0,0.0
Q,L,2,0.8441974814940683,1.024246729472582,1.2042959774510962,-0.12483950327444265,0.3469821098811242,0.8188037230366911
T,K,1,0.0784492770667088,0.0784492770667088,0.0784492770667088,-0.5941443953477872,-0.5941443953477872,-0.5941443953477872
V,L,1,-0.583586564096712,-0.583586564096712,-0.583586564096712,-2.1242077498277823,-2.1242077498277823,-2.1242077498277823
V,Q,1,0.0781819164672368,0.0781819164672368,0.0781819164672368,-0.0564073535317082,-0.0564073535317082,-0.0564073535317082
V,R,1,0.0,0.0,0.0,0.0,0.0,0.0
